SHOP,JOB,作業名称,機械名称,メーカー,型式,台数,固定資産番号,備考,適用開始日,適用終了日,作成ユーザ,作成日,更新ユーザ,更新日,MHI,AEL
"7B12","0000","個別把握する検査以外の検査","","","",0,"","","2025/04/01","2999/12/31","M130559","2025/04/02 10:41:24.000","","","",""
"7M12","0000","","","","",0,"","","2020/04/01","2999/12/31","","","","","",""
"7M12","0002","非破壊検査以外の特殊工程検査","","","",0,"","","2020/04/01","2999/12/31","","","M133423","2021/03/05 07:51:06.367","",""
"7M12","0003","飛昇体電装品組立における非破壊検査","","","",0,"","","2020/04/01","2999/12/31","M133423","2021/03/05 07:49:36.000","","","",""
"7M21","0000","","","","",0,"","","2020/04/01","2999/12/31","","","","","",""
"7M21","0002","","","","",0,"","","2020/04/01","2999/12/31","","","","","",""
"7M22","0000","","","","",0,"","","2020/04/01","2999/12/31","","","","","",""
"7M22","0002","","","","",0,"","","2020/04/01","2999/12/31","","","","","",""
"7M23","0000","","","","",0,"","","2020/04/01","2999/12/31","","","","","",""
"7M23","0002","","","","",0,"","","2020/04/01","2999/12/31","","","","","",""
"7P21","0000","","","","",0,"","","2020/04/01","2999/12/31","","","","","",""
"7P21","0002","","","","",0,"","","2020/04/01","2999/12/31","","","","","",""
"7P31","0000","","","","",0,"","","2020/04/01","2999/12/31","","","","","",""
"7P31","0001","","","","",0,"","","2020/04/01","2999/12/31","","","","","",""
"7P31","0002","","","","",0,"","","2020/04/01","2999/12/31","","","","","",""
"7P32","0000","","","","",0,"","","2020/04/01","2999/12/31","","","","","",""
"7P32","0002","","","","",0,"","","2020/04/01","2999/12/31","","","","","",""
"7P32","0008","","","","",0,"","","2020/04/01","2999/12/31","","","","","",""
"7P41","0000","個別把握する検査以外の検査","","","",0,"","","2025/04/01","2999/12/31","M130559","2025/04/02 07:46:06.000","","","",""
"7P41","0002","非破壊検査以外の特殊工程検査","","","",0,"","","2025/04/01","2999/12/31","M130559","2025/11/14 10:44:16.000","","","",""
"7P42","0000","個別把握する検査以外の検査","","","",0,"","","2025/04/01","2999/12/31","M130559","2025/04/02 07:47:08.000","","","",""
"7P42","0002","非破壊検査以外の特殊工程検査","","","",0,"","","2025/04/01","2999/12/31","M130559","2025/11/14 10:47:31.000","","","",""
"7Q13","0000","個別把握する検査以外の検査","","","",0,"","","2025/04/01","2999/12/31","M130559","2025/04/02 10:24:19.000","","","",""
"7Q14","0000","個別把握する検査以外の検査","","","",0,"","","2025/04/01","2999/12/31","M130559","2025/04/02 10:00:23.000","","","",""
"7U11","0000","","","","",0,"","","2020/04/01","2999/12/31","","","","","",""
"7U11","0002","","","","",0,"","","2020/04/01","2999/12/31","","","","","",""
"8621","0009","自主検査","","","",0,"","2025年4月度の職制変更対応に伴う追加対応","2025/04/01","2999/12/31","M138854","2025/03/31 18:12:03.000","","","",""
"8621","0810","洗浄作業,脱脂作業","超音波洗浄,脱脂","","",0,"","","2026/06/19","2999/12/31","M123829","2026/06/19 09:04:07.000","","","",""
"8621","1080","個装及び梱包","個装及ぶ梱包","","",0,"","2025年4月度の職制変更対応に伴う追加対応","2025/04/01","2999/12/31","M138854","2025/03/31 18:12:03.000","","","",""
"8621","1090","発送作業","発送作業","","",0,"","2025年4月度の職制変更対応に伴う追加対応","2025/04/01","2999/12/31","M138854","2025/03/31 18:12:03.000","","","",""
"8621","6100","キット部品準備作業","キット部品","","",0,"","2025年4月度の職制変更対応に伴う追加対応","2025/04/01","2999/12/31","M138854","2025/03/31 18:12:03.000","","","",""
"8621","6900","受領","","","",0,"","2025年4月度の職制変更対応に伴う追加対応","2025/04/01","2999/12/31","M138854","2025/03/31 18:12:03.000","","","",""
"8621","9999","品確者確認","","","",0,"","2025年4月度の職制変更対応に伴う追加対応","2025/04/01","2999/12/31","M138854","2025/03/31 18:12:03.000","","","",""
"8622","0009","自主検査","","","",0,"","2025年4月度の職制変更対応に伴う追加対応","2025/04/01","2999/12/31","M138854","2025/03/31 18:12:03.000","","","",""
"8622","0124","ﾀｰﾐﾅﾙかしめ作業","ﾀｰﾐﾅﾙかしめ作業   (電装)","","",0,"","2025年4月度の職制変更対応に伴う追加対応","2025/04/01","2999/12/31","M138854","2025/03/31 18:12:03.000","","","",""
"8622","0212","ﾊﾝﾀﾞ付け作業","ﾊﾝﾀﾞ付け作業    (電装)","","",0,"","2025年4月度の職制変更対応に伴う追加対応","2025/04/01","2999/12/31","M138854","2025/03/31 18:12:03.000","","","",""
"8622","0221","ﾜｲﾔｰ・ﾊｰﾈｽ作業","ﾜｲﾔｰ･ﾊｰﾈｽ作業   (電装)","","",0,"","2025年4月度の職制変更対応に伴う追加対応","2025/04/01","2999/12/31","M138854","2025/03/31 18:12:03.000","","","",""
"8622","0222","電線保護作業","電線保護作業    (電装)","","",0,"","2025年4月度の職制変更対応に伴う追加対応","2025/04/01","2999/12/31","M138854","2025/03/31 18:12:03.000","","","",""
"8622","0261","導通試験作業","導通試験作業    (電装)","","",0,"","2025年4月度の職制変更対応に伴う追加対応","2025/04/01","2999/12/31","M138854","2025/03/31 18:12:03.000","","","",""
"8622","0262","絶縁抵抗試験作業","絶縁抵抗試験作業  (電装)","","",0,"","2025年4月度の職制変更対応に伴う追加対応","2025/04/01","2999/12/31","M138854","2025/03/31 18:12:03.000","","","",""
"8622","0265","絶縁耐電圧試験作業","絶縁耐電圧試験作業 (電装)","","",0,"","2025年4月度の職制変更対応に伴う追加対応","2025/04/01","2999/12/31","M138854","2025/03/31 18:12:03.000","","","",""
"8622","0321","機能試験作業","機能試験作業    (電装)","","",0,"","2025年4月度の職制変更対応に伴う追加対応","2025/04/01","2999/12/31","M138854","2025/03/31 18:12:03.000","","","",""
"8622","0800","焼嵌め作業","焼嵌め作業(冷し嵌め含む)","","",0,"","2025年4月度の職制変更対応に伴う追加対応","2025/04/01","2999/12/31","M138854","2025/03/31 18:12:03.000","","","",""
"8622","0810","洗浄作業、脱脂作業","超音波洗浄、脱脂","","",0,"","2025年4月度の職制変更対応に伴う追加対応","2025/04/01","2999/12/31","M138854","2025/03/31 18:12:03.000","","","",""
"8622","1010","組立作業","構成部品点数（6点以上）","","",0,"","2025年4月度の職制変更対応に伴う追加対応","2025/04/01","2999/12/31","M138854","2025/03/31 18:12:03.000","","","",""
"8622","1011","組立作業","構成部品点数（1～5点）","","",0,"","2025年4月度の職制変更対応に伴う追加対応","2025/04/01","2999/12/31","M138854","2025/03/31 18:12:03.000","","","",""
"8622","1060","分解作業","一般分解作業","","",0,"","2025年4月度の職制変更対応に伴う追加対応","2025/04/01","2999/12/31","M138854","2025/03/31 18:12:03.000","","","",""
"8622","1070","修理作業","一般修理作業","","",0,"","2025年4月度の職制変更対応に伴う追加対応","2025/04/01","2999/12/31","M138854","2025/03/31 18:12:03.000","","","",""
"8622","1080","個装作業","個装と梱包作業","","",0,"","2025年4月度の職制変更対応に伴う追加対応","2025/04/01","2999/12/31","M138854","2025/03/31 18:12:03.000","","","",""
"8622","1090","発送作業","発送作業","","",0,"","2025年4月度の職制変更対応に伴う追加対応","2025/04/01","2999/12/31","M138854","2025/03/31 18:12:03.000","","","",""
"8622","1300","穴明け加工","直立ﾎﾞｰﾙ盤","","",0,"","2025年4月度の職制変更対応に伴う追加対応","2025/04/01","2999/12/31","M138854","2025/03/31 18:12:03.000","","","",""
"8622","1610","仕上作業","手仕上作業(含ﾊﾝﾀﾞ付)","","",0,"","2025年4月度の職制変更対応に伴う追加対応","2025/04/01","2999/12/31","M138854","2025/03/31 18:12:03.000","","","",""
"8622","1630","ﾌﾟﾚｽ加工","ﾊﾝﾄﾞﾌﾟﾚｽ","","",0,"","2025年4月度の職制変更対応に伴う追加対応","2025/04/01","2999/12/31","M138854","2025/03/31 18:12:03.000","","","",""
"8622","1660","圧力試験","水圧､空圧","","",0,"","2025年4月度の職制変更対応に伴う追加対応","2025/04/01","2999/12/31","M138854","2025/03/31 18:12:03.000","","","",""
"8622","1670","摺合せ作業","摺合せ","","",0,"","2025年4月度の職制変更対応に伴う追加対応","2025/04/01","2999/12/31","M138854","2025/03/31 18:12:03.000","","","",""
"8622","3060","圧力試験","油圧","","",0,"","2025年4月度の職制変更対応に伴う追加対応","2025/04/01","2999/12/31","M138854","2025/03/31 18:12:03.000","","","",""
"8622","3120","機能試験","機能試験機","","",0,"","2025年4月度の職制変更対応に伴う追加対応","2025/04/01","2999/12/31","M138854","2025/03/31 18:12:03.000","","","",""
"8622","3130","釣合試験","釣合試験機","","",0,"","2025年4月度の職制変更対応に伴う追加対応","2025/04/01","2999/12/31","M138854","2025/03/31 18:12:03.000","","","",""
"8622","3140","ｽﾋﾟﾝﾃｽﾄ","ｽﾋﾟﾝﾃｽﾄ","","",0,"","2025年4月度の職制変更対応に伴う追加対応","2025/04/01","2999/12/31","M138854","2025/03/31 18:12:03.000","","","",""
"8622","6011","ｷｯﾄ部品準備作業","ｷｯﾄ部品準備","","",0,"","2025年4月度の職制変更対応に伴う追加対応","2025/04/01","2999/12/31","M138854","2025/03/31 18:12:03.000","","","",""
"8622","6020","ｻﾝﾄﾞ(ｸﾞﾘｯﾄﾞ)ﾌﾞﾗｽﾄ","","","",0,"","2025年4月度の職制変更対応に伴う追加対応","2025/04/01","2999/12/31","M138854","2025/03/31 18:12:03.000","","","",""
"8622","6050","ｸﾞﾗｽﾋﾞｰﾄﾋﾟｰﾆﾝｸﾞ","","","",0,"","2025年4月度の職制変更対応に伴う追加対応","2025/04/01","2999/12/31","M138854","2025/03/31 18:12:03.000","","","",""
"8622","6900","受領","","","",0,"","2025年4月度の職制変更対応に伴う追加対応","2025/04/01","2999/12/31","M138854","2025/03/31 18:12:03.000","","","",""
"8622","9999","品確者確認","","","",0,"","2025年4月度の職制変更対応に伴う追加対応","2025/04/01","2999/12/31","M138854","2025/03/31 18:12:03.000","","","",""
"8623","0009","自主検査","","","",0,"","2025年4月度の職制変更対応に伴う追加対応","2025/04/01","2999/12/31","M138854","2025/03/31 18:12:03.000","","","",""
"8623","0124","ﾀｰﾐﾅﾙかしめ作業","ﾀｰﾐﾅﾙかしめ作業   (電装)","","",0,"","2025年4月度の職制変更対応に伴う追加対応","2025/04/01","2999/12/31","M138854","2025/03/31 18:12:03.000","","","",""
"8623","0212","ﾊﾝﾀﾞ付け作業","ﾊﾝﾀﾞ付け作業    (電装)","","",0,"","2025年4月度の職制変更対応に伴う追加対応","2025/04/01","2999/12/31","M138854","2025/03/31 18:12:03.000","","","",""
"8623","0221","ﾜｲﾔｰ・ﾊｰﾈｽ作業","ﾜｲﾔｰ･ﾊｰﾈｽ作業   (電装)","","",0,"","2025年4月度の職制変更対応に伴う追加対応","2025/04/01","2999/12/31","M138854","2025/03/31 18:12:03.000","","","",""
"8623","0222","電線保護作業","電線保護作業    (電装)","","",0,"","2025年4月度の職制変更対応に伴う追加対応","2025/04/01","2999/12/31","M138854","2025/03/31 18:12:03.000","","","",""
"8623","0261","導通試験作業","導通試験作業    (電装)","","",0,"","2025年4月度の職制変更対応に伴う追加対応","2025/04/01","2999/12/31","M138854","2025/03/31 18:12:03.000","","","",""
"8623","0262","絶縁抵抗試験作業","絶縁抵抗試験作業  (電装)","","",0,"","2025年4月度の職制変更対応に伴う追加対応","2025/04/01","2999/12/31","M138854","2025/03/31 18:12:03.000","","","",""
"8623","0265","絶縁耐電圧試験作業","絶縁耐電圧試験作業 (電装)","","",0,"","2025年4月度の職制変更対応に伴う追加対応","2025/04/01","2999/12/31","M138854","2025/03/31 18:12:03.000","","","",""
"8623","0321","機能試験作業","機能試験作業    (電装)","","",0,"","2025年4月度の職制変更対応に伴う追加対応","2025/04/01","2999/12/31","M138854","2025/03/31 18:12:03.000","","","",""
"8623","0800","焼嵌め作業","焼嵌め､冷し嵌め","","",0,"","2025年4月度の職制変更対応に伴う追加対応","2025/04/01","2999/12/31","M138854","2025/03/31 18:12:03.000","","","",""
"8623","0810","洗浄作業、脱脂作業","超音波洗浄、脱脂","","",0,"","2025年4月度の職制変更対応に伴う追加対応","2025/04/01","2999/12/31","M138854","2025/03/31 18:12:03.000","","","",""
"8623","1010","組立作業","構成部品点数（6点以上）","","",0,"","2025年4月度の職制変更対応に伴う追加対応","2025/04/01","2999/12/31","M138854","2025/03/31 18:12:03.000","","","",""
"8623","1011","組立作業","構成部品点数（1～5点）","","",0,"","2025年4月度の職制変更対応に伴う追加対応","2025/04/01","2999/12/31","M138854","2025/03/31 18:12:03.000","","","",""
"8623","1060","分解作業","一般分解作業","","",0,"","2025年4月度の職制変更対応に伴う追加対応","2025/04/01","2999/12/31","M138854","2025/03/31 18:12:03.000","","","",""
"8623","1070","修理作業","一般修理作業","","",0,"","2025年4月度の職制変更対応に伴う追加対応","2025/04/01","2999/12/31","M138854","2025/03/31 18:12:03.000","","","",""
"8623","1080","個装作業","個装と梱包作業","","",0,"","2025年4月度の職制変更対応に伴う追加対応","2025/04/01","2999/12/31","M138854","2025/03/31 18:12:03.000","","","",""
"8623","1090","発送作業","発送作業","","",0,"","2025年4月度の職制変更対応に伴う追加対応","2025/04/01","2999/12/31","M138854","2025/03/31 18:12:03.000","","","",""
"8623","1300","穴明け加工","直立ﾎﾞｰﾙ盤","","",0,"","2025年4月度の職制変更対応に伴う追加対応","2025/04/01","2999/12/31","M138854","2025/03/31 18:12:03.000","","","",""
"8623","1610","仕上作業","手仕上作業(含ﾊﾝﾀﾞ付)","","",0,"","2025年4月度の職制変更対応に伴う追加対応","2025/04/01","2999/12/31","M138854","2025/03/31 18:12:03.000","","","",""
"8623","1630","ﾌﾟﾚｽ加工","ﾊﾝﾄﾞﾌﾟﾚｽ","","",0,"","2025年4月度の職制変更対応に伴う追加対応","2025/04/01","2999/12/31","M138854","2025/03/31 18:12:03.000","","","",""
"8623","1660","圧力試験","水圧､空圧","","",0,"","2025年4月度の職制変更対応に伴う追加対応","2025/04/01","2999/12/31","M138854","2025/03/31 18:12:03.000","","","",""
"8623","1670","摺合せ作業","摺合せ","","",0,"","2025年4月度の職制変更対応に伴う追加対応","2025/04/01","2999/12/31","M138854","2025/03/31 18:12:03.000","","","",""
"8623","3060","圧力試験","油圧","","",0,"","2025年4月度の職制変更対応に伴う追加対応","2025/04/01","2999/12/31","M138854","2025/03/31 18:12:03.000","","","",""
"8623","3120","機能試験","機能試験機","","",0,"","2025年4月度の職制変更対応に伴う追加対応","2025/04/01","2999/12/31","M138854","2025/03/31 18:12:03.000","","","",""
"8623","3130","釣合試験","","","",0,"","2025年4月度の職制変更対応に伴う追加対応","2025/04/01","2999/12/31","M138854","2025/03/31 18:12:03.000","","","",""
"8623","6011","ｷｯﾄ部品準備作業","ｷｯﾄ部品準備","","",0,"","2025年4月度の職制変更対応に伴う追加対応","2025/04/01","2999/12/31","M138854","2025/03/31 18:12:03.000","","","",""
"8623","6900","受領","-","","",0,"","2025年4月度の職制変更対応に伴う追加対応","2025/04/01","2999/12/31","M138854","2025/03/31 18:12:03.000","","","",""
"8623","9999","品確者確認","-","","",0,"","2025年4月度の職制変更対応に伴う追加対応","2025/04/01","2999/12/31","M138854","2025/03/31 18:12:03.000","","","",""
"8633","0009","自主検査","","","",0,"","","2020/04/01","2999/12/31","","","","","",""
"8633","0800","焼嵌め作業","焼嵌め､冷し嵌め","","",0,"","","2020/04/01","2999/12/31","","","","","",""
"8633","1010","組立作業","構成部品点数","","",0,"","","2020/04/01","2999/12/31","","","","","",""
"8633","1011","組立作業","構成部品点数1~5点","","",0,"","","2020/04/01","2999/12/31","","","","","",""
"8633","1060","分解作業","一般分解作業","","",0,"","","2020/04/01","2999/12/31","","","","","",""
"8633","1070","修理作業","一般修理作業","","",0,"","","2020/04/01","2999/12/31","","","","","",""
"8633","1080","個装作業","個装と梱包作業","","",0,"","","2020/04/01","2999/12/31","","","","","",""
"8633","1090","発送作業","発送作業","","",0,"","","2020/04/01","2999/12/31","","","","","",""
"8633","1300","穴明け作業","縦型ﾎﾞｰﾙ盤","","",0,"","","2020/04/01","2999/12/31","","","","","",""
"8633","1610","仕上作業","手入れ､洗浄　含ﾊﾝﾀﾞ付､鋳込","","",0,"","","2020/04/01","2999/12/31","","","","","",""
"8633","1630","ﾌﾟﾚｽ加工","ﾊﾝﾄﾞﾌﾟﾚｽ","","",0,"","","2020/04/01","2999/12/31","","","","","",""
"8633","3060","圧力試験","圧力試験機","名航","",0,"","","2020/04/01","2999/12/31","","","","","",""
"8633","3120","機能試験","機能試験機","","",0,"","","2020/04/01","2999/12/31","","","","","",""
"8633","3130","釣合試験","釣合試験機","","",0,"","","2020/04/01","2999/12/31","","","","","",""
"8633","6011","ｷｯﾄ部品準備作業","ｷｯﾄ部品準備作業","","",0,"","","2020/04/01","2999/12/31","","","","","",""
"8633","6900","受領","","","",0,"","修理O/H工事に限定","2020/04/01","2999/12/31","","","","","",""
"8633","9999","品確者確認","","","",0,"","","2020/04/01","2999/12/31","","","","","",""
"8654","0009","自主検査","","","",0,"","","2020/04/01","2999/12/31","","","","","",""
"8654","0770","高周波焼入戻","高周波焼入戻､焼鈍","","",0,"","","2020/04/01","2999/12/31","","","","","",""
"8654","0771","高周波焼入","高周波焼入のみ","菱和調温","",0,"","","2020/04/01","2999/12/31","","","","","",""
"8654","0800","焼嵌め","焼嵌め､冷し嵌め","","",0,"","","2020/04/01","2999/12/31","","","","","",""
"8654","0810","洗浄作業","超音波洗浄機","","",0,"","","2020/04/01","2999/12/31","","","","","",""
"8654","1010","組立作業","構成部品点数　６点以上","","",0,"","","2020/04/01","2999/12/31","","","","","",""
"8654","1011","組立作業","構成部品点数1~5点","","",0,"","","2020/04/01","2999/12/31","","","","","",""
"8654","1060","分解作業","一般分解作業","","",0,"","","2020/04/01","2999/12/31","","","","","",""
"8654","1070","修理作業","一般修理作業","","",0,"","","2020/04/01","2999/12/31","","","","","",""
"8654","1080","個装作業","個装及び梱包作業","","",0,"","","2020/04/01","2999/12/31","","","","","",""
"8654","1090","発送作業","発送作業","","",0,"","","2020/04/01","2999/12/31","","","","","",""
"8654","1510","研削加工","端面研削盤","ｼﾞｪﾘﾊｲﾄﾞ、ｺﾊﾞﾙ社、津上製作所","",0,"","","2020/04/01","2999/12/31","","","","","",""
"8654","1511","ｼｪﾌｨｰﾙﾄﾞ","ｼｪﾌｨｰﾙﾄﾞ","ﾊﾝﾃﾞｯｸｽ","",0,"","","2020/04/01","2999/12/31","","","","","",""
"8654","1553","ﾎｰﾆﾝｸﾞ加工","ﾊﾝﾄﾞﾎｰﾆﾝｸﾞ","ｻﾝﾈﾙ CO","",0,"","","2020/04/01","2999/12/31","","","","","",""
"8654","1610","仕上作業","手入れ､洗浄　含ﾊﾝﾀﾞ付け､鋳込","","",0,"","","2020/04/01","2999/12/31","","","","","",""
"8654","1630","ﾌﾟﾚｽ加工","ﾌﾟﾚｽ加工機","","",0,"","","2020/04/01","2999/12/31","","","","","",""
"8654","1660","圧力試験","圧力試験機","","",0,"","","2020/04/01","2999/12/31","","","","","",""
"8654","1670","摺合せ作業","摺合せ","","",0,"","","2020/04/01","2999/12/31","","","","","",""
"8654","1980","ﾗｯﾋﾟﾝｸﾞ加工","ﾗｯﾋﾟﾝｸﾞ盤","津上製作所、瑞穂工機","",0,"","","2020/04/01","2999/12/31","","","","","",""
"8654","3060","圧力試験","油圧圧力試験機","","",0,"","","2020/04/01","2999/12/31","","","","","",""
"8654","3120","機能試験","機能試験機","","",0,"","","2020/04/01","2999/12/31","","","","","",""
"8654","4600","ﾁｭｰﾋﾞﾝｸﾞ作業","ﾁｭｰﾌﾞ切断及びﾊﾞﾘ取り","ｵｸﾞﾗ販売、宮川工研、千代田工業","",0,"","","2020/04/01","2999/12/31","","","","","",""
"8654","4610","ﾁｭｰﾋﾞﾝｸﾞ作業","手曲げ作業","ｺﾝﾗｯｸ","",0,"","","2020/04/01","2999/12/31","","","","","",""
"8654","6011","ｷｯﾄ部品準備作業","ｷｯﾄ部品準備作業","","",0,"","","2020/04/01","2999/12/31","","","","","",""
"8654","6070","防錆作業","永久防錆","","",0,"","","2020/04/01","2999/12/31","","","","","",""
"8654","6900","受領","","","",0,"","修理O/H工事に限定","2020/04/01","2999/12/31","","","","","",""
"8654","9999","品確者確認","","","",0,"","","2020/04/01","2999/12/31","","","","","",""
"8655","0009","自主検査","","","",0,"","","2020/04/01","2999/12/31","","","","","",""
"8655","0667","高周波ろう付","高周波ろう付","","",0,"","","2020/04/01","2999/12/31","","","","","",""
"8655","0810","洗浄作業","超音波洗浄機","","",0,"","","2020/04/01","2999/12/31","","","","","",""
"8655","1010","組立作業","構成部品点数　６点以上","","",0,"","","2020/04/01","2999/12/31","","","","","",""
"8655","1011","組立作業","構成部品点数1~5点","","",0,"","","2020/04/01","2999/12/31","","","","","",""
"8655","1060","分解作業","一般分解作業","","",0,"","","2020/04/01","2999/12/31","","","","","",""
"8655","1070","修理作業","一般修理作業","","",0,"","","2020/04/01","2999/12/31","","","","","",""
"8655","1080","個装作業","個装及び梱包作業","","",0,"","","2020/04/01","2999/12/31","","","","","",""
"8655","1090","発送作業","発送作業","","",0,"","","2020/04/01","2999/12/31","","","","","",""
"8655","1610","仕上作業","手入れ､洗浄　含ﾊﾝﾀﾞ付け､鋳込","","",0,"","","2020/04/01","2999/12/31","","","","","",""
"8655","1630","ﾌﾟﾚｽ加工","ﾌﾟﾚｽ加工機","","",0,"","","2020/04/01","2999/12/31","","","","","",""
"8655","1660","圧力試験","圧力試験機","","",0,"","","2020/04/01","2999/12/31","","","","","",""
"8655","3060","圧力試験","油圧","","",0,"","","2020/04/01","2999/12/31","","","","","",""
"8655","3120","機能試験","機能試験機","","",0,"","","2020/04/01","2999/12/31","","","","","",""
"8655","6900","受領","","","",0,"","修理O/H工事に限定","2020/04/01","2999/12/31","","","","","",""
"8655","9999","品確者確認","","","",0,"","","2020/04/01","2999/12/31","","","","","",""
"8711","0125","ﾊｰﾈｽ単位仕訳作業","ﾊｰﾈｽ単位仕訳 (電装)","","",0,"","","2025/04/01","2999/12/31","U359579","2025/03/31 18:18:41.000","","","",""
"8711","6011","ｷｯﾄ作業","ｷｯﾄ作業","","",0,"","","2025/04/01","2999/12/31","U359579","2025/03/31 18:18:41.000","","","",""
"8711","8011","ｷｯﾄ部品準備作業","ｷｯﾄ部品準備作業 (電子)","","",0,"","","2025/04/01","2999/12/31","U359579","2025/03/31 18:18:41.000","","","",""
"8711","8511","ﾏｰｷﾝｸﾞ作業","SER/Noﾏｰｷﾝｸﾞ (電子)","","",0,"","","2025/04/01","2999/12/31","U359579","2025/03/31 18:18:41.000","","","",""
"8711","8521","ﾏｰｷﾝｸﾞ作業","ｺｰﾄﾞNoﾏｰｷﾝｸﾞ (電子)","","",0,"","","2025/04/01","2999/12/31","U359579","2025/03/31 18:18:41.000","","","",""
"8711","8531","ﾏｰｷﾝｸﾞ作業","部品番号ﾏｰｷﾝｸﾞ (電子)","","",0,"","","2025/04/01","2999/12/31","U359579","2025/03/31 18:18:41.000","","","",""
"8711","9999","品確者確認","品確者確認","","",0,"","","2025/04/01","2999/12/31","U359579","2025/03/31 18:18:41.000","","","",""
"8722","0222","電線保護作業","電線保護作業 (電装)","","",0,"","","2020/04/01","2999/12/31","","","","","",""
"8722","0231","ﾊﾟﾈﾙ組立作業","ﾊﾟﾈﾙ組立(取付)作業 (電装)","","",0,"","","2020/04/01","2999/12/31","","","","","",""
"8722","0251","ﾎﾟｯﾃｨﾝｸﾞ作業","ﾎﾟｯﾃｨﾝｸﾞ作業 (電装)","","",0,"","","2020/04/01","2999/12/31","","","","","",""
"8722","0261","導通試験作業","導通試験作業 (電装)","","",0,"","","2020/04/01","2999/12/31","","","","","",""
"8722","0262","絶縁抵抗試験作業","絶縁抵抗試験作業 (電装)","","",0,"","","2020/04/01","2999/12/31","","","","","",""
"8722","0311","ﾓｯｸｱｯﾌﾟ作業","ﾓｯｸｱｯﾌﾟ作業 (電装)","","",0,"","","2020/04/01","2999/12/31","","","","","",""
"8722","0312","ﾎｯﾄﾁｪｯｸ作業","ﾎｯﾄﾁｪｯｸ作業 (電装)","","",0,"","","2020/04/01","2999/12/31","","","","","",""
"8722","0321","機能試験作業","機能試験作業 (電装)","","",0,"","","2020/04/01","2999/12/31","","","","","",""
"8722","0710","一般塗装作業","一般塗装作業","","",0,"","","2020/04/01","2999/12/31","","","","","",""
"8722","0720","ｺｰﾃｨﾝｸﾞ作業","ｺｰﾃｨﾝｸﾞ","","",0,"","","2020/04/01","2999/12/31","","","","","",""
"8722","0740","塗装前のﾏｽｷﾝｸﾞ作業","塗装前のﾏｽｷﾝｸﾞ作業","","",0,"","","2020/04/01","2999/12/31","","","","","",""
"8722","0810","超音波洗浄作業","超音波洗浄作業","","",0,"","","2020/04/01","2999/12/31","","","","","",""
"8722","1610","手仕上作業","手仕上作業","","",0,"","","2020/04/01","2999/12/31","","","","","",""
"8722","1660","水圧空圧圧力試験作業","水圧空圧圧力試験作業","","",0,"","","2020/04/01","2999/12/31","","","","","",""
"8722","6011","ｷｯﾄ作業","ｷｯﾄ作業","","",0,"","","2020/04/01","2999/12/31","","","","","",""
"8722","6111","位置決め作業","位置決め作業 (構･艤)","","",0,"","","2020/04/01","2999/12/31","","","","","",""
"8722","6121","取外し作業","取外し作業 (構･艤)","","",0,"","","2020/04/01","2999/12/31","","","","","",""
"8722","6141","ﾄﾘﾑ作業","ﾄﾘﾑ作業 (構･艤)","","",0,"","","2020/04/01","2999/12/31","","","","","",""
"8722","6221","穴明け作業","穴明け作業 (構･艤)","","",0,"","","2020/04/01","2999/12/31","","","","","",""
"8722","6231","皿取り作業","皿取り作業 (構･艤)","","",0,"","","2020/04/01","2999/12/31","","","","","",""
"8722","6321","ﾘﾍﾞｯﾄ打ち作業","ﾘﾍﾞｯﾄ打ち作業 (構･艤)","","",0,"","","2020/04/01","2999/12/31","","","","","",""
"8722","6331","ﾘﾍﾞｯﾄﾐﾗｰ作業","ﾘﾍﾞｯﾄﾐﾗｰ作業 (構･艤)","","",0,"","","2020/04/01","2999/12/31","","","","","",""
"8722","6341","締付け作業","締付け作業 (構･艤)","","",0,"","","2020/04/01","2999/12/31","","","","","",""
"8722","6342","ﾄﾙｸ掛け作業","ﾄﾙｸ掛け作業 (構･艤)","","",0,"","","2020/04/01","2999/12/31","","","","","",""
"8722","6511","取付け作業","取付け作業機構品 (構･艤)","","",0,"","","2020/04/01","2999/12/31","","","","","",""
"8722","6521","取付け作業","取付け作業ﾁｭｰﾌﾞ (構･艤)","","",0,"","","2020/04/01","2999/12/31","","","","","",""
"8722","6551","取付け作業","取付け作業 (構･艤)","","",0,"","","2020/04/01","2999/12/31","","","","","",""
"8722","6621","接着作業","接着作業 (構･艤)","","",0,"","","2020/04/01","2999/12/31","","","","","",""
"8722","6641","ﾀｯﾁｱｯﾌﾟ作業","ﾀｯﾁｱｯﾌﾟ作業 (構･艤)","","",0,"","","2020/04/01","2999/12/31","","","","","",""
"8722","6661","ﾅﾝﾊﾞｰ作業","ﾅﾝﾊﾞｰ作業 (構･艤)","","",0,"","","2020/04/01","2999/12/31","","","","","",""
"8722","6671","ｷｬｯﾌﾟ作業","ｷｬｯﾌﾟ作業 (構･艤)","","",0,"","","2020/04/01","2999/12/31","","","","","",""
"8722","6711","調整作業","調整･確認 (構･艤)","","",0,"","","2020/04/01","2999/12/31","","","","","",""
"8722","8141","手洗浄","手洗浄 (電子)","","",0,"","","2020/04/01","2999/12/31","","","","","",""
"8722","8511","ﾏｰｷﾝｸﾞ作業","SER/Noﾏｰｷﾝｸﾞ (電子)","","",0,"","","2020/04/01","2999/12/31","","","","","",""
"8722","8521","ﾏｰｷﾝｸﾞ作業","ｺｰﾄﾞNoﾏｰｷﾝｸﾞ (電子)","","",0,"","","2020/04/01","2999/12/31","","","","","",""
"8722","8531","ﾏｰｷﾝｸﾞ作業","部品番号ﾏｰｷﾝｸﾞ (電子)","","",0,"","","2020/04/01","2999/12/31","","","","","",""
"8722","8711","ﾊﾝﾀﾞ付け作業","予備ﾊﾝﾀﾞ付け作業 (電子)","","",0,"","","2020/04/01","2999/12/31","","","","","",""
"8722","8712","ﾊﾝﾀﾞ揚げ作業","ﾊﾝﾀﾞ揚げ作業 (電子)","","",0,"","","2020/04/01","2999/12/31","","","","","",""
"8722","8731","ﾊﾝﾀﾞ付け作業","ﾊﾝﾀﾞ付作業 (電子)","","",0,"","","2020/04/01","2999/12/31","","","","","",""
"8722","8821","機能試験作業","機能試験作業 (電子)","","",0,"","","2020/04/01","2999/12/31","","","","","",""
"8722","8822","複合環境作業","複合環境作業 (電子)","","",0,"","","2020/04/01","2999/12/31","","","","","",""
"8722","8841","ﾊﾞｰﾝｲﾝﾃｽﾄ","ﾊﾞｰﾝｲﾝﾃｽﾄ (電子)","","",0,"","","2020/04/01","2999/12/31","","","","","",""
"8722","8851","ﾘｰﾏﾙﾃｽﾄ","ﾘｰﾏﾙﾃｽﾄ (電子)","","",0,"","","2020/04/01","2999/12/31","","","","","",""
"8722","8881","振動試験作業","振動試験作業 (電子)","","",0,"","","2020/04/01","2999/12/31","","","","","",""
"8722","8932","ﾀｯﾁｱｯﾌﾟ作業","ﾀｯﾁｱｯﾌﾟ作業不具合修理 (電子)","","",0,"","","2020/04/01","2999/12/31","","","","","",""
"8722","8941","ｼﾘｺﾝﾗﾊﾞｰ作業","ｼﾘｺﾝﾗﾊﾞｰ作業 (電子)","","",0,"","","2020/04/01","2999/12/31","","","","","",""
"8722","8961","清掃作業","電子機器組立品清掃 (電子)","","",0,"","","2020/04/01","2999/12/31","","","","","",""
"8722","9999","品確者確認","品確者確認","","",0,"","","2020/04/01","2999/12/31","","","","","",""
"8736","0112","ﾏｰｷﾝｸﾞ作業","ﾏｰｷﾝｸﾞ作業 (電装)","","",0,"","","2023/04/01","2999/12/31","M157031","2023/03/29 13:33:13.000","","","",""
"8736","0113","ｽﾘｰﾌﾞ取付作業","ｽﾘｰﾌﾞ取付作業 (電装)","","",0,"","","2023/04/01","2999/12/31","M157031","2023/03/29 13:33:13.000","","","",""
"8736","0121","被履はぎ作業","被履はぎ作業 (電装)","","",0,"","","2023/04/01","2999/12/31","M157031","2023/03/29 13:33:13.000","","","",""
"8736","0123","ｼｰﾙﾄﾞ線端末処理作業","ｼｰﾙﾄﾞ線端末処理 (電装)","","",0,"","","2023/04/01","2999/12/31","M157031","2023/03/29 13:33:13.000","","","",""
"8736","0124","ﾀｰﾐﾅﾙかしめ作業","ﾀｰﾐﾅﾙかしめ (電装)","","",0,"","","2023/04/01","2999/12/31","M157031","2023/03/29 13:33:13.000","","","",""
"8736","0211","ｸﾘﾝﾌﾟｺﾈｸﾀ組立作業","ｸﾘﾝﾌﾟｺﾈｸﾀ組立 (電装)","","",0,"","","2023/04/01","2999/12/31","M157031","2023/03/29 13:33:13.000","","","",""
"8736","0212","ﾊﾝﾀﾞ付け作業","ﾊﾝﾀﾞ付け作業 (電装)","","",0,"","","2023/04/01","2999/12/31","M157031","2023/03/29 13:33:13.000","","","",""
"8736","0221","ﾜｲﾔｰﾊｰﾈｽ作業","ﾜｲﾔｰﾊｰﾈｽ作業 (電装)","","",0,"","","2023/04/01","2999/12/31","M157031","2023/03/29 13:33:13.000","","","",""
"8736","0222","電線保護作業","電線保護作業 (電装)","","",0,"","","2023/04/01","2999/12/31","M157031","2023/03/29 13:33:13.430","","","",""
"8736","0231","ﾊﾟﾈﾙ組立作業","ﾊﾟﾈﾙ組立(取付)作業 (電装)","","",0,"","","2023/04/01","2999/12/31","M157031","2023/03/29 13:33:13.000","","","",""
"8736","0232","ﾊﾟﾈﾙ組立作業","ﾊﾟﾈﾙ組立(結線)作業 (電装)","","",0,"","","2023/04/01","2999/12/31","M157031","2023/03/29 13:33:13.000","","","",""
"8736","0251","ﾎﾟｯﾃｨﾝｸﾞ作業","ﾎﾟｯﾃｨﾝｸﾞ作業 (電装)","","",0,"","","2023/04/01","2999/12/31","M157031","2023/03/29 13:33:13.000","","","",""
"8736","0261","導通試験作業","導通試験作業 (電装)","","",0,"","","2023/04/01","2999/12/31","M157031","2023/03/29 13:33:13.447","","","",""
"8736","0262","絶縁抵抗試験作業","絶縁抵抗試験作業 (電装)","","",0,"","","2023/04/01","2999/12/31","M157031","2023/03/29 13:33:13.463","","","",""
"8736","0265","絶縁耐電圧試験作業","絶縁耐電圧試験作業 (電装)","","",0,"","","2023/04/01","2999/12/31","M157031","2023/03/29 13:33:13.000","","","",""
"8736","0311","ﾓｯｸｱｯﾌﾟ作業","ﾓｯｸｱｯﾌﾟ作業 (電装)","","",0,"","","2023/04/01","2999/12/31","M157031","2023/03/29 13:33:13.000","","","",""
"8736","0312","ﾎｯﾄﾁｪｯｸ作業","ﾎｯﾄﾁｪｯｸ作業 (電装)","","",0,"","","2023/04/01","2999/12/31","M157031","2023/03/29 13:33:13.463","","","",""
"8736","0321","機能試験作業","機能試験作業 (電装)","","",0,"","","2023/04/01","2999/12/31","M157031","2023/03/29 13:33:13.480","","","",""
"8736","0720","ｺｰﾃｨﾝｸﾞ作業","ｺｰﾃｨﾝｸﾞ","","",0,"","","2023/04/01","2999/12/31","M157031","2023/03/29 13:33:13.000","","","",""
"8736","6111","位置決め作業","位置決め作業 (構･艤)","","",0,"","","2023/04/01","2999/12/31","M157031","2023/03/29 13:33:13.000","","","",""
"8736","6221","穴明け作業","穴明け作業 (構･艤)","","",0,"","","2023/04/01","2999/12/31","M157031","2023/03/29 13:33:13.000","","","",""
"8736","6321","ﾘﾍﾞｯﾄ打ち作業","ﾘﾍﾞｯﾄ打ち作業 (構･艤)","","",0,"","","2023/04/01","2999/12/31","M157031","2023/03/29 13:33:13.000","","","",""
"8736","6341","締付け作業","締付け作業 (構･艤)","","",0,"","","2023/04/01","2999/12/31","M157031","2023/03/29 13:33:13.480","","","",""
"8736","6342","ﾄﾙｸ掛け作業","ﾄﾙｸ掛け作業 (構･艤)","","",0,"","","2023/04/01","2999/12/31","M157031","2023/03/29 13:33:13.493","","","",""
"8736","6511","取付け作業","取付け作業機構品 (構･艤)","","",0,"","","2023/04/01","2999/12/31","M157031","2023/03/29 13:33:13.493","","","",""
"8736","6531","取付け作業","取付け作業機能品 (構･艤)","","",0,"","","2023/04/01","2999/12/31","M157031","2023/03/29 13:33:13.000","","","",""
"8736","6541","取付け作業","取付け作業ｹｰﾌﾞﾙ (構･艤)","","",0,"","","2023/04/01","2999/12/31","M157031","2023/03/29 13:33:13.000","","","",""
"8736","6551","取付け作業","取付け作業 (構･艤)","","",0,"","","2023/04/01","2999/12/31","M157031","2023/03/29 13:33:13.000","","","",""
"8736","6621","接着作業","接着作業 (構･艤)","","",0,"","","2023/04/01","2999/12/31","M157031","2023/03/29 13:33:13.510","","","",""
"8736","6641","ﾀｯﾁｱｯﾌﾟ作業","ﾀｯﾁｱｯﾌﾟ作業 (構･艤)","","",0,"","","2023/04/01","2999/12/31","M157031","2023/03/29 13:33:13.527","","","",""
"8736","6651","ﾎﾞﾝﾃﾞｨﾝｸﾞ作業","ﾎﾞﾝﾃﾞｨﾝｸﾞ作業 (構･艤)","","",0,"","","2023/04/01","2999/12/31","M157031","2023/03/29 13:33:13.000","","","",""
"8736","6661","ﾅﾝﾊﾞｰ作業","ﾅﾝﾊﾞｰ作業 (構･艤)","","",0,"","","2023/04/01","2999/12/31","M157031","2023/03/29 13:33:13.527","","","",""
"8736","6671","ｷｬｯﾌﾟ作業","ｷｬｯﾌﾟ作業 (構･艤)","","",0,"","","2023/04/01","2999/12/31","M157031","2023/03/29 13:33:13.540","","","",""
"8736","6711","ﾀｯﾁｱｯﾌﾟ作業","ﾀｯﾁｱｯﾌﾟ作業 (構･艤)","","",0,"","","2023/04/01","2999/12/31","M157031","2023/03/29 13:33:13.000","","","",""
"8736","8011","ｷｯﾄ部品準備作業","ｷｯﾄ部品準備作業 (電子)","","",0,"","","2023/04/01","2999/12/31","M157031","2023/03/29 13:33:13.000","","","",""
"8736","8141","手洗浄","手洗浄 (電子)","","",0,"","","2023/04/01","2999/12/31","M157031","2023/03/29 13:33:13.000","","","",""
"8736","8211","電子部品成形作業","電子部品成形作業 (電子)","","",0,"","","2023/04/01","2999/12/31","M157031","2023/03/29 13:33:13.000","","","",""
"8736","8221","ﾘｰﾄﾞ線切断作業","ﾘｰﾄﾞ線切断作業 (電子)","","",0,"","","2023/04/01","2999/12/31","M157031","2023/03/29 13:33:13.000","","","",""
"8736","8511","ﾏｰｷﾝｸﾞ作業","SER/Noﾏｰｷﾝｸﾞ (電子)","","",0,"","","2023/04/01","2999/12/31","M157031","2023/03/29 13:33:13.000","","","",""
"8736","8521","ﾏｰｷﾝｸﾞ作業","ｺｰﾄﾞNoﾏｰｷﾝｸﾞ (電子)","","",0,"","","2023/04/01","2999/12/31","M157031","2023/03/29 13:33:13.000","","","",""
"8736","8531","ﾏｰｷﾝｸﾞ作業","部品番号ﾏｰｷﾝｸﾞ (電子)","","",0,"","","2023/04/01","2999/12/31","M157031","2023/03/29 13:33:13.000","","","",""
"8736","8731","ﾊﾝﾀﾞ付け作業","ﾊﾝﾀﾞ付作業 (電子)","","",0,"","","2023/04/01","2999/12/31","M157031","2023/03/29 13:33:13.000","","","",""
"8736","8821","機能試験作業","機能試験作業 (電子)","","",0,"","","2023/04/01","2999/12/31","M157031","2023/03/29 13:33:13.000","","","",""
"8736","8851","ｻｰﾏﾙﾃｽﾄ","ｻｰﾏﾙﾃｽﾄ (電子)","","",0,"","","2023/04/01","2999/12/31","M157031","2023/03/29 13:33:13.000","","","",""
"8736","8881","振動試験作業","振動試験作業 (電子)","","",0,"","","2023/04/01","2999/12/31","M157031","2023/03/29 13:33:13.000","","","",""
"8736","8932","ﾀｯﾁｱｯﾌﾟ作業","ﾀｯﾁｱｯﾌﾟ作業不具合修理 (電子)","","",0,"","","2023/04/01","2999/12/31","M157031","2023/03/29 13:33:13.000","","","",""
"8736","8941","ｼﾘｺﾝﾗﾊﾞｰ作業","ｼﾘｺﾝﾗﾊﾞｰ作業 (電子)","","",0,"","","2023/04/01","2999/12/31","M157031","2023/03/29 13:33:13.000","","","",""
"8736","8961","清掃作業","電子機器組立品清掃 (電子)","","",0,"","","2023/04/01","2999/12/31","M157031","2023/03/29 13:33:13.000","","","",""
"8736","9999","品確者確認","品確者確認","","",0,"","","2023/04/01","2999/12/31","M157031","2023/03/29 13:33:13.557","","","",""
"8737","0222","電線保護作業","電線保護作業 (電装)","","",0,"","","2023/04/01","2999/12/31","M157031","2023/03/29 13:33:13.000","","","",""
"8737","0231","ﾊﾟﾈﾙ組立作業","ﾊﾟﾈﾙ組立(取付)作業 (電装)","","",0,"","","2023/04/01","2999/12/31","M157031","2023/03/29 13:33:13.000","","","",""
"8737","0261","導通試験作業","導通試験作業 (電装)","","",0,"","","2023/04/01","2999/12/31","M157031","2023/03/29 13:33:13.000","","","",""
"8737","0262","絶縁抵抗試験作業","絶縁抵抗試験作業 (電装)","","",0,"","","2023/04/01","2999/12/31","M157031","2023/03/29 13:33:13.000","","","",""
"8737","0312","ﾎｯﾄﾁｪｯｸ作業","ﾎｯﾄﾁｪｯｸ作業 (電装)","","",0,"","","2023/04/01","2999/12/31","M157031","2023/03/29 13:33:13.000","","","",""
"8737","0321","機能試験作業","機能試験作業 (電装)","","",0,"","","2023/04/01","2999/12/31","M157031","2023/03/29 13:33:13.000","","","",""
"8737","6111","位置決め作業","位置決め作業 (構･艤)","","",0,"","","2023/04/01","2999/12/31","M157031","2023/03/29 13:33:13.000","","","",""
"8737","6121","取外し作業","取外し作業 (構･艤)","","",0,"","","2023/04/01","2999/12/31","M157031","2023/03/29 13:33:13.000","","","",""
"8737","6141","ﾄﾘﾑ作業","ﾄﾘﾑ作業 (構･艤)","","",0,"","","2023/04/01","2999/12/31","M157031","2023/03/29 13:33:13.000","","","",""
"8737","6221","穴明け作業","穴明け作業 (構･艤)","","",0,"","","2023/04/01","2999/12/31","M157031","2023/03/29 13:33:13.000","","","",""
"8737","6231","皿取り作業","皿取り作業 (構･艤)","","",0,"","","2023/04/01","2999/12/31","M157031","2023/03/29 13:33:13.000","","","",""
"8737","6321","ﾘﾍﾞｯﾄ打ち作業","ﾘﾍﾞｯﾄ打ち作業 (構･艤)","","",0,"","","2023/04/01","2999/12/31","M157031","2023/03/29 13:33:13.000","","","",""
"8737","6331","ﾘﾍﾞｯﾄﾐﾗｰ作業","ﾘﾍﾞｯﾄﾐﾗｰ作業 (構･艤)","","",0,"","","2023/04/01","2999/12/31","M157031","2023/03/29 13:33:13.000","","","",""
"8737","6341","締付け作業","締付け作業 (構･艤)","","",0,"","","2023/04/01","2999/12/31","M157031","2023/03/29 13:33:13.000","","","",""
"8737","6342","ﾄﾙｸ掛け作業","ﾄﾙｸ掛け作業 (構･艤)","","",0,"","","2023/04/01","2999/12/31","M157031","2023/03/29 13:33:13.000","","","",""
"8737","6511","取付け作業","取付け作業機構品 (構･艤)","","",0,"","","2023/04/01","2999/12/31","M157031","2023/03/29 13:33:13.000","","","",""
"8737","6521","取付け作業","取付け作業ﾁｭｰﾌﾞ (構･艤)","","",0,"","","2023/04/01","2999/12/31","M157031","2023/03/29 13:33:13.000","","","",""
"8737","6551","取付け作業","取付け作業 (構･艤)","","",0,"","","2023/04/01","2999/12/31","M157031","2023/03/29 13:33:13.000","","","",""
"8737","6621","接着作業","接着作業 (構･艤)","","",0,"","","2023/04/01","2999/12/31","M157031","2023/03/29 13:33:13.000","","","",""
"8737","6641","ﾀｯﾁｱｯﾌﾟ作業","ﾀｯﾁｱｯﾌﾟ作業 (構･艤)","","",0,"","","2023/04/01","2999/12/31","M157031","2023/03/29 13:33:13.000","","","",""
"8737","6661","ﾅﾝﾊﾞｰ作業","ﾅﾝﾊﾞｰ作業 (構･艤)","","",0,"","","2023/04/01","2999/12/31","M157031","2023/03/29 13:33:13.000","","","",""
"8737","6671","ｷｬｯﾌﾟ作業","ｷｬｯﾌﾟ作業 (構･艤)","","",0,"","","2023/04/01","2999/12/31","M157031","2023/03/29 13:33:13.000","","","",""
"8737","6711","調整作業","調整･確認 (構･艤)","","",0,"","","2023/04/01","2999/12/31","M157031","2023/03/29 13:33:13.000","","","",""
"8737","8511","ﾏｰｷﾝｸﾞ作業","SER/Noﾏｰｷﾝｸﾞ (電子)","","",0,"","","2023/04/01","2999/12/31","M157031","2023/03/29 13:33:13.000","","","",""
"8737","8521","ﾏｰｷﾝｸﾞ作業","ｺｰﾄﾞNoﾏｰｷﾝｸﾞ (電子)","","",0,"","","2023/04/01","2999/12/31","M157031","2023/03/29 13:33:13.000","","","",""
"8737","8731","ﾊﾝﾀﾞ付け作業","ﾊﾝﾀﾞ付作業 (電子)","","",0,"","","2023/04/01","2999/12/31","M157031","2023/03/29 13:33:13.000","","","",""
"8737","8821","機能試験作業","機能試験作業 (電子)","","",0,"","","2023/04/01","2999/12/31","M157031","2023/03/29 13:33:13.000","","","",""
"8737","8851","ｻｰﾏﾙﾃｽﾄ","ｻｰﾏﾙﾃｽﾄ (電子)","","",0,"","","2023/04/01","2999/12/31","M157031","2023/03/29 13:33:13.000","","","",""
"8737","8932","ﾀｯﾁｱｯﾌﾟ作業","ﾀｯﾁｱｯﾌﾟ作業不具合修理 (電子)","","",0,"","","2023/04/01","2999/12/31","M157031","2023/03/29 13:33:13.000","","","",""
"8737","8941","ｼﾘｺﾝﾗﾊﾞｰ作業","ｼﾘｺﾝﾗﾊﾞｰ作業 (電子)","","",0,"","","2023/04/01","2999/12/31","M157031","2023/03/29 13:33:13.000","","","",""
"8737","8961","清掃作業","電子機器組立品清掃 (電子)","","",0,"","","2023/04/01","2999/12/31","M157031","2023/03/29 13:33:13.000","","","",""
"8737","9999","品確者確認","品確者確認","","",0,"","","2023/04/01","2999/12/31","M157031","2023/03/29 13:33:13.000","","","",""
"8755","0009","自主検査","","","",0,"","","2020/04/01","2999/12/31","","","","","",""
"8755","0111","切断作業","切断作業 (電装)","","",0,"","","2020/04/01","2999/12/31","","","","","",""
"8755","0112","ﾏｰｷﾝｸﾞ作業","ﾏｰｷﾝｸﾞ作業 (電装)","","",0,"","","2020/04/01","2999/12/31","","","","","",""
"8755","0113","ｽﾘｰﾌﾞ取付作業","ｽﾘｰﾌﾞ取付け作業 (電装)","","",0,"","","2020/04/01","2999/12/31","","","","","",""
"8755","0121","被履はぎ作業","被履はぎ作業 (電装)","","",0,"","","2020/04/01","2999/12/31","","","","","",""
"8755","0123","ｼｰﾙﾄﾞ線端末処理作業","ｼｰﾙﾄﾞ線端末処理 (電装)","","",0,"","","2020/04/01","2999/12/31","","","","","",""
"8755","0124","ﾀｰﾐﾅﾙかしめ作業","ﾀｰﾐﾅﾙかしめ (電装)","","",0,"","","2020/04/01","2999/12/31","","","","","",""
"8755","0125","ﾊｰﾈｽ単位仕訳作業","ﾊｰﾈｽ単位仕訳 (電装)","","",0,"","","2020/04/01","2999/12/31","","","","","",""
"8755","0211","ｸﾘﾝﾌﾟｺﾈｸﾀ組立作業","ｸﾘﾝﾌﾟｺﾈｸﾀ組立 (電装)","","",0,"","","2020/04/01","2999/12/31","","","","","",""
"8755","0212","ﾊﾝﾀﾞ付け作業","ﾊﾝﾀﾞ付作業 (電装)","","",0,"","","2020/04/01","2999/12/31","","","","","",""
"8755","0221","ﾜｲﾔｰﾊｰﾈｽ作業","ﾜｲﾔｰﾊｰﾈｽ作業 (電装)","","",0,"","","2020/04/01","2999/12/31","","","","","",""
"8755","0222","電線保護作業","電線保護作業 (電装)","","",0,"","","2020/04/01","2999/12/31","","","","","",""
"8755","0231","ﾊﾟﾈﾙ組立作業","ﾊﾟﾈﾙ組立(取付)作業 (電装)","","",0,"","","2020/04/01","2999/12/31","","","","","",""
"8755","0232","ﾊﾟﾈﾙ組立作業","ﾊﾟﾈﾙ組立(結線)作業 (電装)","","",0,"","","2020/04/01","2999/12/31","","","","","",""
"8755","0241","ﾃﾄﾗｴｯﾁ作業","ﾃﾄﾗｴｯﾁ作業 (電装)","","",0,"","","2020/04/01","2999/12/31","","","","","",""
"8755","0251","ﾎﾟｯﾃｨﾝｸﾞ作業","ﾎﾟｯﾃｨﾝｸﾞ作業 (電装)","","",0,"","","2020/04/01","2999/12/31","","","","","",""
"8755","0261","導通試験作業","導通試験作業 (電装)","","",0,"","","2020/04/01","2999/12/31","","","","","",""
"8755","0262","絶縁抵抗試験作業","絶縁抵抗試験作業 (電装)","","",0,"","","2020/04/01","2999/12/31","","","","","",""
"8755","0265","絶縁耐電圧試験作業","絶縁耐電圧試験作業 (電装)","","",0,"","","2020/04/01","2999/12/31","","","","","",""
"8755","0311","ﾓｯｸｱｯﾌﾟ作業","ﾓｯｸｱｯﾌﾟ作業 (電装)","","",0,"","","2020/04/01","2999/12/31","","","","","",""
"8755","0312","ﾎｯﾄﾁｪｯｸ作業","ﾎｯﾄﾁｪｯｸ作業 (電装)","","",0,"","","2020/04/01","2999/12/31","","","","","",""
"8755","0314","ﾁｪｯｶｰ製作作業","ﾁｪｯｶｰ製作作業 (電装)","","",0,"","","2020/04/01","2999/12/31","","","","","",""
"8755","0321","機能試験作業","機能試験作業 (電装)","","",0,"","","2020/04/01","2999/12/31","","","","","",""
"8755","0800","焼嵌め作業","焼嵌め､冷し嵌め","","",0,"","","2020/04/01","2999/12/31","","","","","",""
"8755","0810","洗浄作業","超音波洗浄機","","",0,"","","2020/04/01","2999/12/31","","","","","",""
"8755","1010","組立作業","構成部品点数 6点以上","","",0,"","","2020/04/01","2999/12/31","","","","","",""
"8755","1011","組立作業","構成部品点数1~5点","","",0,"","","2020/04/01","2999/12/31","","","","","",""
"8755","1060","分解作業","一般分解作業","","",0,"","","2020/04/01","2999/12/31","","","","","",""
"8755","1070","修理作業","一般修理作業","","",0,"","","2020/04/01","2999/12/31","","","","","",""
"8755","1080","個装作業","個装及び梱包作業","","",0,"","","2020/04/01","2999/12/31","","","","","",""
"8755","1090","発送作業","発送作業","","",0,"","","2020/04/01","2999/12/31","","","","","",""
"8755","1610","仕上作業","手入れ､洗浄　含ﾊﾝﾀﾞ付け､鋳込","","",0,"","","2020/04/01","2999/12/31","","","","","",""
"8755","1660","圧力試験","水圧､空圧","","",0,"","","2020/04/01","2999/12/31","","","","","",""
"8755","1670","ﾗｯﾌﾟ作業","JETﾗｯﾌﾟ作業","","",0,"","","2020/04/01","2999/12/31","","","","","",""
"8755","3120","機能試験","機能試験機","","",0,"","","2020/04/01","2999/12/31","","","","","",""
"8755","6321","ﾘﾍﾞｯﾄ打ち作業","ﾘﾍﾞｯﾄ打ち作業 (構･艤)","","",0,"","","2020/04/01","2999/12/31","","","","","",""
"8755","6341","締付け作業","締付け作業 (構･艤)","","",0,"","","2020/04/01","2999/12/31","","","","","",""
"8755","6342","ﾄﾙｸ掛け作業","ﾄﾙｸ掛け作業 (構･艤)","","",0,"","","2020/04/01","2999/12/31","","","","","",""
"8755","6511","取付け作業","取付け作業機構品 (構･艤)","","",0,"","","2020/04/01","2999/12/31","","","","","",""
"8755","6531","取付け作業","取付け作業機能品 (構･艤)","","",0,"","","2020/04/01","2999/12/31","","","","","",""
"8755","6541","取付け作業","取付け作業ｹｰﾌﾞﾙ (構･艤)","","",0,"","","2020/04/01","2999/12/31","","","","","",""
"8755","6551","取付け作業","取付け作業 (構･艤)","","",0,"","","2020/04/01","2999/12/31","","","","","",""
"8755","6621","接着作業","接着作業 (構･艤)","","",0,"","","2020/04/01","2999/12/31","","","","","",""
"8755","6641","ﾀｯﾁｱｯﾌﾟ作業","ﾀｯﾁｱｯﾌﾟ作業 (構･艤)","","",0,"","","2020/04/01","2999/12/31","","","","","",""
"8755","6651","ﾎﾟｯﾃｨﾝｸﾞ作業","ﾎﾟｯﾃｨﾝｸﾞ作業 (構･艤)","","",0,"","","2020/04/01","2999/12/31","","","","","",""
"8755","6661","ﾅﾝﾊﾞｰ作業","ﾅﾝﾊﾞｰ作業 (構･艤)","","",0,"","","2020/04/01","2999/12/31","","","","","",""
"8755","6671","ｷｬｯﾌﾟ作業","ｷｬｯﾌﾟ作業 (構･艤)","","",0,"","","2020/04/01","2999/12/31","","","","","",""
"8755","6711","調整作業","調整･確認 (構･艤)","","",0,"","","2020/04/01","2999/12/31","","","","","",""
"8755","6900","受領","","","",0,"","修理O/H工事に限定","2020/04/01","2999/12/31","","","","","",""
"8755","8011","ｷｯﾄ部品準備作業","ｷｯﾄ部品準備作業 (電子)","","",0,"","","2020/04/01","2999/12/31","","","","","",""
"8755","8121","超音波洗浄","超音波洗浄 (電子)","","",0,"","","2020/04/01","2999/12/31","","","","","",""
"8755","8131","水洗浄","水洗浄 (電子)","","",0,"","","2020/04/01","2999/12/31","","","","","",""
"8755","8132","ｲｵﾝ汚染計測作業","ｲｵﾝ汚染計測作業 (電子)","","",0,"","","2020/04/01","2999/12/31","","","","","",""
"8755","8141","手洗浄","手洗浄 (電子)","","",0,"","","2020/04/01","2999/12/31","","","","","",""
"8755","8211","電子部品成形作業","電子部品成形作業 (電子)","","",0,"","","2020/04/01","2999/12/31","","","","","",""
"8755","8221","ﾘｰﾄﾞ線切断作業","ﾘｰﾄﾞ線切断作業","","",0,"","","2020/04/01","2999/12/31","","","","","",""
"8755","8311","ﾍﾞｰｷﾝｸﾞ作業","ﾍﾞｰｷﾝｸﾞ 250F 15-2HR (電子)","","",0,"","","2020/04/01","2999/12/31","","","","","",""
"8755","8312","ﾍﾞｰｷﾝｸﾞ作業","ﾍﾞｰｷﾝｸﾞ 230F 2HR (電子)","","",0,"","","2020/04/01","2999/12/31","","","","","",""
"8755","8321","ｵｰﾌﾞﾝﾄﾞﾗｲ作業","ｵｰﾌﾞﾝﾄﾞﾗｲ作業 225F 8HR (電子)","","",0,"","","2020/04/01","2999/12/31","","","","","",""
"8755","8322","ｵｰﾌﾞﾝﾄﾞﾗｲ作業","ｵｰﾌﾞﾝﾄﾞﾗｲ作業 167F 2HR (電子)","","",0,"","","2020/04/01","2999/12/31","","","","","",""
"8755","8323","ｵｰﾌﾞﾝﾄﾞﾗｲ作業","ｵｰﾌﾞﾝﾄﾞﾗｲ作業 140F 2HR (電子)","","",0,"","","2020/04/01","2999/12/31","","","","","",""
"8755","8324","ｵｰﾌﾞﾝﾄﾞﾗｲ作業","ｵｰﾌﾞﾝﾄﾞﾗｲ作業 150F 15HR (電子)","","",0,"","","2020/04/01","2999/12/31","","","","","",""
"8755","8325","ｵｰﾌﾞﾝﾄﾞﾗｲ作業","ｵｰﾌﾞﾝﾄﾞﾗｲ作業 170F 12HR (電子)","","",0,"","","2020/04/01","2999/12/31","","","","","",""
"8755","8326","ｵｰﾌﾞﾝﾄﾞﾗｲ作業","ｵｰﾌﾞﾝﾄﾞﾗｲ作業 120F 15HR (電子)","","",0,"","","2020/04/01","2999/12/31","","","","","",""
"8755","8341","自然乾燥","自然乾燥 (電子)","","",0,"","","2020/04/01","2999/12/31","","","","","",""
"8755","8411","電子部品挿入作業","電子部品挿入作業 (電子)","","",0,"","","2020/04/01","2999/12/31","","","","","",""
"8755","8421","ｽﾃｰｷﾝｸﾞ作業","ｽﾃｰｷﾝｸﾞ作業 (電子)","","",0,"","","2020/04/01","2999/12/31","","","","","",""
"8755","8431","ﾌﾚｰﾑ取付け作業","ﾌﾚｰﾑ取付作業 (電子)","","",0,"","","2020/04/01","2999/12/31","","","","","",""
"8755","8432","ﾘﾍﾞｯﾄ打ち作業","ﾘﾍﾞｯﾄ打ち作業 (電子)","","",0,"","","2020/04/01","2999/12/31","","","","","",""
"8755","8441","ｽﾀｯﾄﾞ取付け作業","ｽﾀｯﾄﾞ取付作業 (電子)","","",0,"","","2020/04/01","2999/12/31","","","","","",""
"8755","8451","ｺﾈｸﾀ取付け作業","ｺﾈｸﾀ取付作業 (電子)","","",0,"","","2020/04/01","2999/12/31","","","","","",""
"8755","8461","ﾜｲﾔﾘﾝｸﾞ作業","ﾜｲﾔﾘﾝｸﾞ作業 (電子)","","",0,"","","2020/04/01","2999/12/31","","","","","",""
"8755","8471","ﾊﾝﾄﾞﾙ取付け作業","ﾊﾝﾄﾞﾙ取付作業 (電子)","","",0,"","","2020/04/01","2999/12/31","","","","","",""
"8755","8481","ｶｰﾄﾞ取付け作業","ｶｰﾄﾞ取付作業 (電子)","","",0,"","","2020/04/01","2999/12/31","","","","","",""
"8755","8511","ﾏｰｷﾝｸﾞ作業","SER/Noﾏｰｷﾝｸﾞ (電子)","","",0,"","","2020/04/01","2999/12/31","","","","","",""
"8755","8521","ﾏｰｷﾝｸﾞ作業","ｺｰﾄﾞNoﾏｰｷﾝｸﾞ (電子)","","",0,"","","2020/04/01","2999/12/31","","","","","",""
"8755","8531","ﾏｰｷﾝｸﾞ作業","部品番号ﾏｰｷﾝｸﾞ (電子)","","",0,"","","2020/04/01","2999/12/31","","","","","",""
"8755","8621","ﾏｽｸ作業","ｺｰﾃｨﾝｸﾞ用ﾏｽｸ (電子)","","",0,"","","2020/04/01","2999/12/31","","","","","",""
"8755","8631","ﾏｽｸ取外し作業","ﾏｽｸ取外し作業 (電子)","","",0,"","","2020/04/01","2999/12/31","","","","","",""
"8755","8711","ﾊﾝﾀﾞ付け作業","予備ﾊﾝﾀﾞ付作業 (電子)","","",0,"","","2020/04/01","2999/12/31","","","","","",""
"8755","8712","ﾊﾝﾀﾞ揚げ作業","ﾊﾝﾀﾞ揚げ作業 (電子)","","",0,"","","2020/04/01","2999/12/31","","","","","",""
"8755","8731","ﾊﾝﾀﾞ付け作業","手ﾊﾝﾀﾞ付け作業 (電子)","","",0,"","","2020/04/01","2999/12/31","","","","","",""
"8755","8741","ﾊﾝﾀﾞ手直し作業","ﾊﾝﾀﾞ手直し作業不具合修理 (電子)","","",0,"","","2020/04/01","2999/12/31","","","","","",""
"8755","8811","ｲﾝｻｰｷｯﾄﾃｽﾄ","ｲﾝｻｰｷｯﾄﾃｽﾄ (電子)","","",0,"","","2020/04/01","2999/12/31","","","","","",""
"8755","8821","機能試験作業","機能試験作業 (電子)","","",0,"","","2020/04/01","2999/12/31","","","","","",""
"8755","8822","複合環境作業","複合環境作業 (電子)","","",0,"","","2020/04/01","2999/12/31","","","","","",""
"8755","8831","ｻｰﾏﾙｼｮｯｸﾃｽﾄ","ｻｰﾏﾙｼｮｯｸﾃｽﾄ (電子)","","",0,"","","2020/04/01","2999/12/31","","","","","",""
"8755","8841","ﾊﾞｰﾝｲﾝﾃｽﾄ","ﾊﾞｰﾝｲﾝﾃｽﾄ (電子)","","",0,"","","2020/04/01","2999/12/31","","","","","",""
"8755","8851","ﾘｰﾏﾙﾃｽﾄ","ﾘｰﾏﾙﾃｽﾄ (電子)","","",0,"","","2020/04/01","2999/12/31","","","","","",""
"8755","8861","ﾏﾆｭｱﾙﾃｽﾄ","ﾏﾆｭｱﾙﾃｽﾄ (電子)","","",0,"","","2020/04/01","2999/12/31","","","","","",""
"8755","8871","ﾌﾞﾗｯｸﾗｲﾄ作業","ﾌﾞﾗｯｸﾗｲﾄ (電子)","","",0,"","","2020/04/01","2999/12/31","","","","","",""
"8755","8881","振動試験作業","振動試験作業 (電子)","","",0,"","","2020/04/01","2999/12/31","","","","","",""
"8755","8911","ﾍﾟｰﾊﾟ仕上作業","ﾍﾟｰﾊﾟ仕上作業 (電子)","","",0,"","","2020/04/01","2999/12/31","","","","","",""
"8755","8921","ｺﾝﾌｫｰﾏﾙｺｰﾄ塗布作業","ｺﾝﾌｫｰﾏﾙｺｰﾄ塗布作業 (電子)","","",0,"","","2020/04/01","2999/12/31","","","","","",""
"8755","8931","部品塗布作業","部品塗布作業不具合修理 (電子)","","",0,"","","2020/04/01","2999/12/31","","","","","",""
"8755","8932","ﾀｯﾁｱｯﾌﾟ作業","ﾀｯﾁｱｯﾌﾟ作業不具合修理 (電子)","","",0,"","","2020/04/01","2999/12/31","","","","","",""
"8755","8941","ｼﾘｺﾝﾗﾊﾞｰ作業","ｼﾘｺﾝﾗﾊﾞｰ作業 (電子)","","",0,"","","2020/04/01","2999/12/31","","","","","",""
"8755","8951","ｺｰﾃｨﾝｸﾞ剤剥離作業","ｺｰﾃｨﾝｸﾞ剤剥離作業 (電子)","","",0,"","","2020/04/01","2999/12/31","","","","","",""
"8755","8961","清掃作業","電子機器組立品清掃 (電子)","","",0,"","","2020/04/01","2999/12/31","","","","","",""
"8755","8962","ﾄﾞﾗｲｴｱｰ作業","ﾄﾞﾗｲｴｱｰ作業 (電子)","","",0,"","","2020/04/01","2999/12/31","","","","","",""
"8755","9999","品確者確認","品確者確認","","",0,"","","2020/04/01","2999/12/31","","","","","",""
"8756","0009","自主検査","","","",0,"","","2020/04/01","2999/12/31","","","","","",""
"8756","0111","切断作業","切断作業 (電装)","","",0,"","","2020/04/01","2999/12/31","","","","","",""
"8756","0112","ﾏｰｷﾝｸﾞ作業","ﾏｰｷﾝｸﾞ作業 (電装)","","",0,"","","2020/04/01","2999/12/31","","","","","",""
"8756","0113","ｽﾘｰﾌﾞ取付作業","ｽﾘｰﾌﾞ取付け作業 (電装)","","",0,"","","2020/04/01","2999/12/31","","","","","",""
"8756","0121","被履はぎ作業","被履はぎ作業 (電装)","","",0,"","","2020/04/01","2999/12/31","","","","","",""
"8756","0123","ｼｰﾙﾄﾞ線端末処理作業","ｼｰﾙﾄﾞ線端末処理 (電装)","","",0,"","","2020/04/01","2999/12/31","","","","","",""
"8756","0124","ﾀｰﾐﾅﾙかしめ作業","ﾀｰﾐﾅﾙかしめ (電装)","","",0,"","","2020/04/01","2999/12/31","","","","","",""
"8756","0125","ﾊｰﾈｽ単位仕訳作業","ﾊｰﾈｽ単位仕訳 (電装)","","",0,"","","2020/04/01","2999/12/31","","","","","",""
"8756","0211","ｸﾘﾝﾌﾟｺﾈｸﾀ組立作業","ｸﾘﾝﾌﾟｺﾈｸﾀ組立 (電装)","","",0,"","","2020/04/01","2999/12/31","","","","","",""
"8756","0212","ﾊﾝﾀﾞ付け作業","ﾊﾝﾀﾞ付作業 (電装)","","",0,"","","2020/04/01","2999/12/31","","","","","",""
"8756","0221","ﾜｲﾔｰﾊｰﾈｽ作業","ﾜｲﾔｰﾊｰﾈｽ作業 (電装)","","",0,"","","2020/04/01","2999/12/31","","","","","",""
"8756","0222","電線保護作業","電線保護作業 (電装)","","",0,"","","2020/04/01","2999/12/31","","","","","",""
"8756","0231","ﾊﾟﾈﾙ組立作業","ﾊﾟﾈﾙ組立(取付)作業 (電装)","","",0,"","","2020/04/01","2999/12/31","","","","","",""
"8756","0232","ﾊﾟﾈﾙ組立作業","ﾊﾟﾈﾙ組立(結線)作業 (電装)","","",0,"","","2020/04/01","2999/12/31","","","","","",""
"8756","0241","ﾃﾄﾗｴｯﾁ作業","ﾃﾄﾗｴｯﾁ作業 (電装)","","",0,"","","2020/04/01","2999/12/31","","","","","",""
"8756","0251","ﾎﾟｯﾃｨﾝｸﾞ作業","ﾎﾟｯﾃｨﾝｸﾞ作業 (電装)","","",0,"","","2020/04/01","2999/12/31","","","","","",""
"8756","0261","導通試験作業","導通試験作業 (電装)","","",0,"","","2020/04/01","2999/12/31","","","","","",""
"8756","0262","絶縁抵抗試験作業","絶縁抵抗試験作業 (電装)","","",0,"","","2020/04/01","2999/12/31","","","","","",""
"8756","0265","絶縁耐電圧試験作業","絶縁耐電圧試験作業 (電装)","","",0,"","","2020/04/01","2999/12/31","","","","","",""
"8756","0311","ﾓｯｸｱｯﾌﾟ作業","ﾓｯｸｱｯﾌﾟ作業 (電装)","","",0,"","","2020/04/01","2999/12/31","","","","","",""
"8756","0312","ﾎｯﾄﾁｪｯｸ作業","ﾎｯﾄﾁｪｯｸ作業 (電装)","","",0,"","","2020/04/01","2999/12/31","","","","","",""
"8756","0314","ﾁｪｯｶｰ製作作業","ﾁｪｯｶｰ製作作業 (電装)","","",0,"","","2020/04/01","2999/12/31","","","","","",""
"8756","0321","機能試験作業","機能試験作業 (電装)","","",0,"","","2020/04/01","2999/12/31","","","","","",""
"8756","0800","焼嵌め作業","焼嵌め､冷し嵌め","","",0,"","","2020/04/01","2999/12/31","","","","","",""
"8756","0810","洗浄作業","超音波洗浄機","","",0,"","","2020/04/01","2999/12/31","","","","","",""
"8756","1010","組立作業","構成部品点数 6点以上","","",0,"","","2020/04/01","2999/12/31","","","","","",""
"8756","1011","組立作業","構成部品点数1~5点","","",0,"","","2020/04/01","2999/12/31","","","","","",""
"8756","1060","分解作業","一般分解作業","","",0,"","","2020/04/01","2999/12/31","","","","","",""
"8756","1070","修理作業","一般修理作業","","",0,"","","2020/04/01","2999/12/31","","","","","",""
"8756","1080","個装作業","個装及び梱包作業","","",0,"","","2020/04/01","2999/12/31","","","","","",""
"8756","1090","発送作業","発送作業","","",0,"","","2020/04/01","2999/12/31","","","","","",""
"8756","1610","仕上作業","手入れ､洗浄　含ﾊﾝﾀﾞ付け､鋳込","","",0,"","","2020/04/01","2999/12/31","","","","","",""
"8756","1660","圧力試験","水圧､空圧","","",0,"","","2020/04/01","2999/12/31","","","","","",""
"8756","1670","ﾗｯﾌﾟ作業","JETﾗｯﾌﾟ作業","","",0,"","","2020/04/01","2999/12/31","","","","","",""
"8756","3120","機能試験","機能試験機","","",0,"","","2020/04/01","2999/12/31","","","","","",""
"8756","6321","ﾘﾍﾞｯﾄ打ち作業","ﾘﾍﾞｯﾄ打ち作業 (構･艤)","","",0,"","","2020/04/01","2999/12/31","","","","","",""
"8756","6341","締付け作業","締付け作業 (構･艤)","","",0,"","","2020/04/01","2999/12/31","","","","","",""
"8756","6342","ﾄﾙｸ掛け作業","ﾄﾙｸ掛け作業 (構･艤)","","",0,"","","2020/04/01","2999/12/31","","","","","",""
"8756","6511","取付け作業","取付け作業機構品 (構･艤)","","",0,"","","2020/04/01","2999/12/31","","","","","",""
"8756","6531","取付け作業","取付け作業機能品 (構･艤)","","",0,"","","2020/04/01","2999/12/31","","","","","",""
"8756","6541","取付け作業","取付け作業ｹｰﾌﾞﾙ (構･艤)","","",0,"","","2020/04/01","2999/12/31","","","","","",""
"8756","6551","取付け作業","取付け作業 (構･艤)","","",0,"","","2020/04/01","2999/12/31","","","","","",""
"8756","6621","接着作業","接着作業 (構･艤)","","",0,"","","2020/04/01","2999/12/31","","","","","",""
"8756","6641","ﾀｯﾁｱｯﾌﾟ作業","ﾀｯﾁｱｯﾌﾟ作業 (構･艤)","","",0,"","","2020/04/01","2999/12/31","","","","","",""
"8756","6651","ﾎﾟｯﾃｨﾝｸﾞ作業","ﾎﾟｯﾃｨﾝｸﾞ作業 (構･艤)","","",0,"","","2020/04/01","2999/12/31","","","","","",""
"8756","6661","ﾅﾝﾊﾞｰ作業","ﾅﾝﾊﾞｰ作業 (構･艤)","","",0,"","","2020/04/01","2999/12/31","","","","","",""
"8756","6671","ｷｬｯﾌﾟ作業","ｷｬｯﾌﾟ作業 (構･艤)","","",0,"","","2020/04/01","2999/12/31","","","","","",""
"8756","6711","調整作業","調整･確認 (構･艤)","","",0,"","","2020/04/01","2999/12/31","","","","","",""
"8756","6900","受領","","","",0,"","修理O/H工事に限定","2020/04/01","2999/12/31","","","","","",""
"8756","8011","ｷｯﾄ部品準備作業","ｷｯﾄ部品準備作業 (電子)","","",0,"","","2020/04/01","2999/12/31","","","","","",""
"8756","8121","超音波洗浄","超音波洗浄 (電子)","","",0,"","","2020/04/01","2999/12/31","","","","","",""
"8756","8131","水洗浄","水洗浄 (電子)","","",0,"","","2020/04/01","2999/12/31","","","","","",""
"8756","8132","ｲｵﾝ汚染計測作業","ｲｵﾝ汚染計測作業 (電子)","","",0,"","","2020/04/01","2999/12/31","","","","","",""
"8756","8141","手洗浄","手洗浄 (電子)","","",0,"","","2020/04/01","2999/12/31","","","","","",""
"8756","8211","電子部品成形作業","電子部品成形作業 (電子)","","",0,"","","2020/04/01","2999/12/31","","","","","",""
"8756","8221","ﾘｰﾄﾞ線切断作業","ﾘｰﾄﾞ線切断作業","","",0,"","","2020/04/01","2999/12/31","","","","","",""
"8756","8311","ﾍﾞｰｷﾝｸﾞ作業","ﾍﾞｰｷﾝｸﾞ 250F 15-2HR (電子)","","",0,"","","2020/04/01","2999/12/31","","","","","",""
"8756","8312","ﾍﾞｰｷﾝｸﾞ作業","ﾍﾞｰｷﾝｸﾞ 230F 2HR (電子)","","",0,"","","2020/04/01","2999/12/31","","","","","",""
"8756","8321","ｵｰﾌﾞﾝﾄﾞﾗｲ作業","ｵｰﾌﾞﾝﾄﾞﾗｲ作業 225F 8HR (電子)","","",0,"","","2020/04/01","2999/12/31","","","","","",""
"8756","8322","ｵｰﾌﾞﾝﾄﾞﾗｲ作業","ｵｰﾌﾞﾝﾄﾞﾗｲ作業 167F 2HR (電子)","","",0,"","","2020/04/01","2999/12/31","","","","","",""
"8756","8323","ｵｰﾌﾞﾝﾄﾞﾗｲ作業","ｵｰﾌﾞﾝﾄﾞﾗｲ作業 140F 2HR (電子)","","",0,"","","2020/04/01","2999/12/31","","","","","",""
"8756","8324","ｵｰﾌﾞﾝﾄﾞﾗｲ作業","ｵｰﾌﾞﾝﾄﾞﾗｲ作業 150F 15HR (電子)","","",0,"","","2020/04/01","2999/12/31","","","","","",""
"8756","8325","ｵｰﾌﾞﾝﾄﾞﾗｲ作業","ｵｰﾌﾞﾝﾄﾞﾗｲ作業 170F 12HR (電子)","","",0,"","","2020/04/01","2999/12/31","","","","","",""
"8756","8326","ｵｰﾌﾞﾝﾄﾞﾗｲ作業","ｵｰﾌﾞﾝﾄﾞﾗｲ作業 120F 15HR (電子)","","",0,"","","2020/04/01","2999/12/31","","","","","",""
"8756","8341","自然乾燥","自然乾燥 (電子)","","",0,"","","2020/04/01","2999/12/31","","","","","",""
"8756","8411","電子部品挿入作業","電子部品挿入作業 (電子)","","",0,"","","2020/04/01","2999/12/31","","","","","",""
"8756","8421","ｽﾃｰｷﾝｸﾞ作業","ｽﾃｰｷﾝｸﾞ作業 (電子)","","",0,"","","2020/04/01","2999/12/31","","","","","",""
"8756","8431","ﾌﾚｰﾑ取付け作業","ﾌﾚｰﾑ取付作業 (電子)","","",0,"","","2020/04/01","2999/12/31","","","","","",""
"8756","8432","ﾘﾍﾞｯﾄ打ち作業","ﾘﾍﾞｯﾄ打ち作業 (電子)","","",0,"","","2020/04/01","2999/12/31","","","","","",""
"8756","8441","ｽﾀｯﾄﾞ取付け作業","ｽﾀｯﾄﾞ取付作業 (電子)","","",0,"","","2020/04/01","2999/12/31","","","","","",""
"8756","8451","ｺﾈｸﾀ取付け作業","ｺﾈｸﾀ取付作業 (電子)","","",0,"","","2020/04/01","2999/12/31","","","","","",""
"8756","8461","ﾜｲﾔﾘﾝｸﾞ作業","ﾜｲﾔﾘﾝｸﾞ作業 (電子)","","",0,"","","2020/04/01","2999/12/31","","","","","",""
"8756","8471","ﾊﾝﾄﾞﾙ取付け作業","ﾊﾝﾄﾞﾙ取付作業 (電子)","","",0,"","","2020/04/01","2999/12/31","","","","","",""
"8756","8481","ｶｰﾄﾞ取付け作業","ｶｰﾄﾞ取付作業 (電子)","","",0,"","","2020/04/01","2999/12/31","","","","","",""
"8756","8511","ﾏｰｷﾝｸﾞ作業","SER/Noﾏｰｷﾝｸﾞ (電子)","","",0,"","","2020/04/01","2999/12/31","","","","","",""
"8756","8521","ﾏｰｷﾝｸﾞ作業","ｺｰﾄﾞNoﾏｰｷﾝｸﾞ (電子)","","",0,"","","2020/04/01","2999/12/31","","","","","",""
"8756","8531","ﾏｰｷﾝｸﾞ作業","部品番号ﾏｰｷﾝｸﾞ (電子)","","",0,"","","2020/04/01","2999/12/31","","","","","",""
"8756","8621","ﾏｽｸ作業","ｺｰﾃｨﾝｸﾞ用ﾏｽｸ (電子)","","",0,"","","2020/04/01","2999/12/31","","","","","",""
"8756","8631","ﾏｽｸ取外し作業","ﾏｽｸ取外し作業 (電子)","","",0,"","","2020/04/01","2999/12/31","","","","","",""
"8756","8711","ﾊﾝﾀﾞ付け作業","予備ﾊﾝﾀﾞ付作業 (電子)","","",0,"","","2020/04/01","2999/12/31","","","","","",""
"8756","8712","ﾊﾝﾀﾞ揚げ作業","ﾊﾝﾀﾞ揚げ作業 (電子)","","",0,"","","2020/04/01","2999/12/31","","","","","",""
"8756","8731","ﾊﾝﾀﾞ付け作業","手ﾊﾝﾀﾞ付け作業 (電子)","","",0,"","","2020/04/01","2999/12/31","","","","","",""
"8756","8741","ﾊﾝﾀﾞ手直し作業","ﾊﾝﾀﾞ手直し作業不具合修理 (電子)","","",0,"","","2020/04/01","2999/12/31","","","","","",""
"8756","8811","ｲﾝｻｰｷｯﾄﾃｽﾄ","ｲﾝｻｰｷｯﾄﾃｽﾄ (電子)","","",0,"","","2020/04/01","2999/12/31","","","","","",""
"8756","8821","機能試験作業","機能試験作業 (電子)","","",0,"","","2020/04/01","2999/12/31","","","","","",""
"8756","8822","複合環境作業","複合環境作業 (電子)","","",0,"","","2020/04/01","2999/12/31","","","","","",""
"8756","8831","ｻｰﾏﾙｼｮｯｸﾃｽﾄ","ｻｰﾏﾙｼｮｯｸﾃｽﾄ (電子)","","",0,"","","2020/04/01","2999/12/31","","","","","",""
"8756","8841","ﾊﾞｰﾝｲﾝﾃｽﾄ","ﾊﾞｰﾝｲﾝﾃｽﾄ (電子)","","",0,"","","2020/04/01","2999/12/31","","","","","",""
"8756","8851","ﾘｰﾏﾙﾃｽﾄ","ﾘｰﾏﾙﾃｽﾄ (電子)","","",0,"","","2020/04/01","2999/12/31","","","","","",""
"8756","8861","ﾏﾆｭｱﾙﾃｽﾄ","ﾏﾆｭｱﾙﾃｽﾄ (電子)","","",0,"","","2020/04/01","2999/12/31","","","","","",""
"8756","8871","ﾌﾞﾗｯｸﾗｲﾄ作業","ﾌﾞﾗｯｸﾗｲﾄ (電子)","","",0,"","","2020/04/01","2999/12/31","","","","","",""
"8756","8881","振動試験作業","振動試験作業 (電子)","","",0,"","","2020/04/01","2999/12/31","","","","","",""
"8756","8911","ﾍﾟｰﾊﾟ仕上作業","ﾍﾟｰﾊﾟ仕上作業 (電子)","","",0,"","","2020/04/01","2999/12/31","","","","","",""
"8756","8921","ｺﾝﾌｫｰﾏﾙｺｰﾄ塗布作業","ｺﾝﾌｫｰﾏﾙｺｰﾄ塗布作業 (電子)","","",0,"","","2020/04/01","2999/12/31","","","","","",""
"8756","8931","部品塗布作業","部品塗布作業不具合修理 (電子)","","",0,"","","2020/04/01","2999/12/31","","","","","",""
"8756","8932","ﾀｯﾁｱｯﾌﾟ作業","ﾀｯﾁｱｯﾌﾟ作業不具合修理 (電子)","","",0,"","","2020/04/01","2999/12/31","","","","","",""
"8756","8941","ｼﾘｺﾝﾗﾊﾞｰ作業","ｼﾘｺﾝﾗﾊﾞｰ作業 (電子)","","",0,"","","2020/04/01","2999/12/31","","","","","",""
"8756","8951","ｺｰﾃｨﾝｸﾞ剤剥離作業","ｺｰﾃｨﾝｸﾞ剤剥離作業 (電子)","","",0,"","","2020/04/01","2999/12/31","","","","","",""
"8756","8961","清掃作業","電子機器組立品清掃 (電子)","","",0,"","","2020/04/01","2999/12/31","","","","","",""
"8756","8962","ﾄﾞﾗｲｴｱｰ作業","ﾄﾞﾗｲｴｱｰ作業 (電子)","","",0,"","","2020/04/01","2999/12/31","","","","","",""
"8756","9999","品確者確認","品確者確認","","",0,"","","2020/04/01","2999/12/31","","","","","",""
"8757","0212","ﾊﾝﾀﾞ付け作業","ﾊﾝﾀﾞ付け作業 (電装)","","",0,"","","2025/04/01","2999/12/31","U359579","2025/03/31 18:18:41.000","","","",""
"8757","0251","ﾎﾟｯﾃｨﾝｸﾞ作業","ﾎﾟｯﾃｨﾝｸﾞ作業 (電装)","","",0,"","","2025/04/01","2999/12/31","U359579","2025/03/31 18:18:41.000","","","",""
"8757","0262","絶縁抵抗試験作業","絶縁抵抗試験作業 (電装)","","",0,"","","2025/04/01","2999/12/31","U359579","2025/03/31 18:18:41.000","","","",""
"8757","6341","締付け作業","締付け作業 (構･艤)","","",0,"","","2025/04/01","2999/12/31","U359579","2025/03/31 18:18:41.000","","","",""
"8757","6342","ﾄﾙｸ掛け作業","ﾄﾙｸ掛け作業 (構･艤)","","",0,"","","2025/04/01","2999/12/31","U359579","2025/03/31 18:18:41.000","","","",""
"8757","8011","ｷｯﾄ部品準備作業","ｷｯﾄ部品準備作業 (電子)","","",0,"","","2025/04/01","2999/12/31","U359579","2025/03/31 18:18:41.000","","","",""
"8757","8121","超音波洗浄","超音波洗浄 (電子)","","",0,"","","2025/04/01","2999/12/31","U359579","2025/03/31 18:18:41.000","","","",""
"8757","8131","水洗浄","水洗浄 (電子)","","",0,"","","2025/04/01","2999/12/31","U359579","2025/03/31 18:18:41.000","","","",""
"8757","8132","ｲｵﾝ汚染計測作業","ｲｵﾝ汚染計測作業 (電子)","","",0,"","","2025/04/01","2999/12/31","U359579","2025/03/31 18:18:41.000","","","",""
"8757","8141","手洗浄","手洗浄 (電子)","","",0,"","","2025/04/01","2999/12/31","U359579","2025/03/31 18:18:41.000","","","",""
"8757","8211","電子部品成形作業","電子部品成形作業 (電子)","","",0,"","","2025/04/01","2999/12/31","U359579","2025/03/31 18:18:41.000","","","",""
"8757","8221","ﾘｰﾄﾞ線切断作業","ﾘｰﾄﾞ線切断作業","","",0,"","","2025/04/01","2999/12/31","U359579","2025/03/31 18:18:41.000","","","",""
"8757","8311","ﾍﾞｰｷﾝｸﾞ作業","ﾍﾞｰｷﾝｸﾞ 250F 15-2HR (電子)","","",0,"","","2025/04/01","2999/12/31","U359579","2025/03/31 18:18:41.000","","","",""
"8757","8312","ﾍﾞｰｷﾝｸﾞ作業","ﾍﾞｰｷﾝｸﾞ 230F 2HR (電子)","","",0,"","","2025/04/01","2999/12/31","U359579","2025/03/31 18:18:41.000","","","",""
"8757","8321","ｵｰﾌﾞﾝﾄﾞﾗｲ作業","ｵｰﾌﾞﾝﾄﾞﾗｲ作業 225F 8HR (電子)","","",0,"","","2025/04/01","2999/12/31","U359579","2025/03/31 18:18:41.000","","","",""
"8757","8322","ｵｰﾌﾞﾝﾄﾞﾗｲ作業","ｵｰﾌﾞﾝﾄﾞﾗｲ作業 167F 2HR (電子)","","",0,"","","2025/04/01","2999/12/31","U359579","2025/03/31 18:18:41.000","","","",""
"8757","8323","ｵｰﾌﾞﾝﾄﾞﾗｲ作業","ｵｰﾌﾞﾝﾄﾞﾗｲ作業 140F 2HR (電子)","","",0,"","","2025/04/01","2999/12/31","U359579","2025/03/31 18:18:41.000","","","",""
"8757","8324","ｵｰﾌﾞﾝﾄﾞﾗｲ作業","ｵｰﾌﾞﾝﾄﾞﾗｲ作業 150F 15HR (電子)","","",0,"","","2025/04/01","2999/12/31","U359579","2025/03/31 18:18:41.000","","","",""
"8757","8325","ｵｰﾌﾞﾝﾄﾞﾗｲ作業","ｵｰﾌﾞﾝﾄﾞﾗｲ作業 170F 12HR (電子)","","",0,"","","2025/04/01","2999/12/31","U359579","2025/03/31 18:18:41.000","","","",""
"8757","8326","ｵｰﾌﾞﾝﾄﾞﾗｲ作業","ｵｰﾌﾞﾝﾄﾞﾗｲ作業 120F 15HR (電子)","","",0,"","","2025/04/01","2999/12/31","U359579","2025/03/31 18:18:41.000","","","",""
"8757","8327","ｵｰﾌﾞﾝﾄﾞﾗｲ作業","ｵｰﾌﾞﾝﾄﾞﾗｲ作業 77F 24HR (電子)","","",0,"","","2025/04/01","2999/12/31","U359579","2025/03/31 18:18:41.000","","","",""
"8757","8331","ｷｭｱｰﾀｲﾑ作業","ｷｭｱｰﾀｲﾑ作業 (電子)","","",0,"","","2025/04/01","2999/12/31","U359579","2025/03/31 18:18:41.000","","","",""
"8757","8341","自然乾燥","自然乾燥 (電子)","","",0,"","","2025/04/01","2999/12/31","U359579","2025/03/31 18:18:41.000","","","",""
"8757","8411","電子部品挿入作業","電子部品挿入作業 (電子)","","",0,"","","2025/04/01","2999/12/31","U359579","2025/03/31 18:18:41.000","","","",""
"8757","8421","ｽﾃｰｷﾝｸﾞ作業","ｽﾃｰｷﾝｸﾞ作業 (電子)","","",0,"","","2025/04/01","2999/12/31","U359579","2025/03/31 18:18:41.000","","","",""
"8757","8431","ﾌﾚｰﾑ取付け作業","ﾌﾚｰﾑ取付作業 (電子)","","",0,"","","2025/04/01","2999/12/31","U359579","2025/03/31 18:18:41.000","","","",""
"8757","8432","ﾘﾍﾞｯﾄ打ち作業","ﾘﾍﾞｯﾄ打ち作業 (電子)","","",0,"","","2025/04/01","2999/12/31","U359579","2025/03/31 18:18:41.000","","","",""
"8757","8441","ｽﾀｯﾄﾞ取付け作業","ｽﾀｯﾄﾞ取付作業 (電子)","","",0,"","","2025/04/01","2999/12/31","U359579","2025/03/31 18:18:41.000","","","",""
"8757","8451","ｺﾈｸﾀ取付け作業","ｺﾈｸﾀ取付作業 (電子)","","",0,"","","2025/04/01","2999/12/31","U359579","2025/03/31 18:18:41.000","","","",""
"8757","8461","ﾜｲﾔﾘﾝｸﾞ作業","ﾜｲﾔﾘﾝｸﾞ作業 (電子)","","",0,"","","2025/04/01","2999/12/31","U359579","2025/03/31 18:18:41.000","","","",""
"8757","8471","ﾊﾝﾄﾞﾙ取付け作業","ﾊﾝﾄﾞﾙ取付作業 (電子)","","",0,"","","2025/04/01","2999/12/31","U359579","2025/03/31 18:18:41.000","","","",""
"8757","8481","ｶｰﾄﾞ取付け作業","ｶｰﾄﾞ取付作業 (電子)","","",0,"","","2025/04/01","2999/12/31","U359579","2025/03/31 18:18:41.000","","","",""
"8757","8511","ﾏｰｷﾝｸﾞ作業","SER/Noﾏｰｷﾝｸﾞ (電子)","","",0,"","","2025/04/01","2999/12/31","U359579","2025/03/31 18:18:41.000","","","",""
"8757","8521","ﾏｰｷﾝｸﾞ作業","ｺｰﾄﾞNoﾏｰｷﾝｸﾞ (電子)","","",0,"","","2025/04/01","2999/12/31","U359579","2025/03/31 18:18:41.000","","","",""
"8757","8531","ﾏｰｷﾝｸﾞ作業","部品番号ﾏｰｷﾝｸﾞ (電子)","","",0,"","","2025/04/01","2999/12/31","U359579","2025/03/31 18:18:41.000","","","",""
"8757","8611","ﾏｽｸ作業","ｳｪﾌﾞｿﾙﾀﾞ用ﾏｽｸ (電子)","","",0,"","","2025/04/01","2999/12/31","U359579","2025/03/31 18:18:41.000","","","",""
"8757","8621","ﾏｽｸ作業","ｺｰﾃｨﾝｸﾞ用ﾏｽｸ (電子)","","",0,"","","2025/04/01","2999/12/31","U359579","2025/03/31 18:18:41.000","","","",""
"8757","8631","ﾏｽｸ取外し作業","ﾏｽｸ取外し作業 (電子)","","",0,"","","2025/04/01","2999/12/31","U359579","2025/03/31 18:18:41.000","","","",""
"8757","8711","ﾊﾝﾀﾞ付け作業","予備ﾊﾝﾀﾞ付け作業 (電子)","","",0,"","","2025/04/01","2999/12/31","U359579","2025/03/31 18:18:41.000","","","",""
"8757","8712","ﾊﾝﾀﾞ揚げ作業","ﾊﾝﾀﾞ揚げ作業 (電子)","","",0,"","","2025/04/01","2999/12/31","U359579","2025/03/31 18:18:41.000","","","",""
"8757","8721","ﾊﾝﾀﾞ付け作業","自動ﾊﾝﾀﾞ付け作業 (電子)","","",0,"","","2025/04/01","2999/12/31","U359579","2025/03/31 18:18:41.000","","","",""
"8757","8722","ﾌｨｯｸｽﾁｬｰ取付け作業","ﾌｨｯｸｽﾁｬｰ取付け作業 (電子)","","",0,"","","2025/04/01","2999/12/31","U359579","2025/03/31 18:18:41.000","","","",""
"8757","8723","ﾊﾟﾗﾒｰﾀｾｯﾄ作業","ﾊﾟﾗﾒｰﾀｾｯﾄ作業 (電子)","","",0,"","","2025/04/01","2999/12/31","U359579","2025/03/31 18:18:41.000","","","",""
"8757","8731","ﾊﾝﾀﾞ付け作業","ﾊﾝﾀﾞ付作業 (電子)","","",0,"","","2025/04/01","2999/12/31","U359579","2025/03/31 18:18:41.000","","","",""
"8757","8741","ﾊﾝﾀﾞ手直し作業","ﾊﾝﾀﾞ手直し作業不具合修理 (電子)","","",0,"","","2025/04/01","2999/12/31","U359579","2025/03/31 18:18:41.000","","","",""
"8757","8811","ｲﾝｻｰｷｯﾄﾃｽﾄ","ｲﾝｻｰｷｯﾄﾃｽﾄ (電子)","","",0,"","","2025/04/01","2999/12/31","U359579","2025/03/31 18:18:41.000","","","",""
"8757","8821","機能試験作業","機能試験作業 (電子)","","",0,"","","2025/04/01","2999/12/31","U359579","2025/03/31 18:18:41.000","","","",""
"8757","8822","複合環境作業","複合環境作業 (電子)","","",0,"","","2025/04/01","2999/12/31","U359579","2025/03/31 18:18:41.000","","","",""
"8757","8831","ｻｰﾏﾙｼｮｯｸﾃｽﾄ","ｻｰﾏﾙｼｮｯｸﾃｽﾄ (電子)","","",0,"","","2025/04/01","2999/12/31","U359579","2025/03/31 18:18:41.000","","","",""
"8757","8841","ﾊﾞｰﾝｲﾝﾃｽﾄ","ﾊﾞｰﾝｲﾝﾃｽﾄ (電子)","","",0,"","","2025/04/01","2999/12/31","U359579","2025/03/31 18:18:41.000","","","",""
"8757","8851","ﾘｰﾏﾙﾃｽﾄ","ﾘｰﾏﾙﾃｽﾄ (電子)","","",0,"","","2025/04/01","2999/12/31","U359579","2025/03/31 18:18:41.000","","","",""
"8757","8861","ﾏﾆｭｱﾙﾃｽﾄ","ﾏﾆｭｱﾙﾃｽﾄ (電子)","","",0,"","","2025/04/01","2999/12/31","U359579","2025/03/31 18:18:41.000","","","",""
"8757","8871","ﾌﾞﾗｯｸﾗｲﾄ作業","ﾌﾞﾗｯｸﾗｲﾄ (電子)","","",0,"","","2025/04/01","2999/12/31","U359579","2025/03/31 18:18:41.000","","","",""
"8757","8911","ﾍﾟｰﾊﾟ仕上作業","ﾍﾟｰﾊﾟ仕上作業 (電子)","","",0,"","","2025/04/01","2999/12/31","U359579","2025/03/31 18:18:41.000","","","",""
"8757","8921","ｺﾝﾌｫｰﾏﾙｺｰﾄ塗布作業","ｺﾝﾌｫｰﾏﾙｺｰﾄ塗布作業 (電子)","","",0,"","","2025/04/01","2999/12/31","U359579","2025/03/31 18:18:41.000","","","",""
"8757","8931","部品塗装作業","部品塗装作業不具合修理 (電子)","","",0,"","","2025/04/01","2999/12/31","U359579","2025/03/31 18:18:41.000","","","",""
"8757","8932","ﾀｯﾁｱｯﾌﾟ作業","ﾀｯﾁｱｯﾌﾟ作業不具合修理 (電子)","","",0,"","","2025/04/01","2999/12/31","U359579","2025/03/31 18:18:41.000","","","",""
"8757","8941","ｼﾘｺﾝﾗﾊﾞｰ作業","ｼﾘｺﾝﾗﾊﾞｰ作業 (電子)","","",0,"","","2025/04/01","2999/12/31","U359579","2025/03/31 18:18:41.000","","","",""
"8757","8951","ｺｰﾃｨﾝｸﾞ剤剥離作業","ｺｰﾃｨﾝｸﾞ剤剥離作業 (電子)","","",0,"","","2025/04/01","2999/12/31","U359579","2025/03/31 18:18:41.000","","","",""
"8757","8961","清掃作業","電子機器組立品清掃 (電子)","","",0,"","","2025/04/01","2999/12/31","U359579","2025/03/31 18:18:41.000","","","",""
"8757","8962","ﾄﾞﾗｲｴｱｰ作業","ﾄﾞﾗｲｴｱｰ作業 (電子)","","",0,"","","2025/04/01","2999/12/31","U359579","2025/03/31 18:18:41.000","","","",""
"8757","9999","品確者確認","品確者確認","","",0,"","","2025/04/01","2999/12/31","U359579","2025/03/31 18:18:41.000","","","",""
"8771","0222","電線保護作業","電線保護作業 (電装)","","",0,"","","2025/04/01","2999/12/31","U359579","2025/03/31 18:18:41.000","","","",""
"8771","0231","ﾊﾟﾈﾙ組立作業","ﾊﾟﾈﾙ組立(取付)作業 (電装)","","",0,"","","2025/04/01","2999/12/31","U359579","2025/03/31 18:18:41.000","","","",""
"8771","0261","導通試験作業","導通試験作業 (電装)","","",0,"","","2025/04/01","2999/12/31","U359579","2025/03/31 18:18:41.000","","","",""
"8771","0262","絶縁抵抗試験作業","絶縁抵抗試験作業 (電装)","","",0,"","","2025/04/01","2999/12/31","U359579","2025/03/31 18:18:41.000","","","",""
"8771","0311","ﾓｯｸｱｯﾌﾟ作業","ﾓｯｸｱｯﾌﾟ作業 (電装)","","",0,"","","2025/04/01","2999/12/31","U359579","2025/03/31 18:18:41.000","","","",""
"8771","0312","ﾎｯﾄﾁｪｯｸ作業","ﾎｯﾄﾁｪｯｸ作業 (電装)","","",0,"","","2025/04/01","2999/12/31","U359579","2025/03/31 18:18:41.000","","","",""
"8771","0321","機能試験作業","機能試験作業 (電装)","","",0,"","","2025/04/01","2999/12/31","U359579","2025/03/31 18:18:41.000","","","",""
"8771","1610","手仕上作業","手仕上作業","","",0,"","","2025/04/01","2999/12/31","U359579","2025/03/31 18:18:41.000","","","",""
"8771","6011","ｷｯﾄ作業","ｷｯﾄ作業","","",0,"","","2025/04/01","2999/12/31","U359579","2025/03/31 18:18:41.000","","","",""
"8771","6111","位置決め作業","位置決め作業 (構･艤)","","",0,"","","2025/04/01","2999/12/31","U359579","2025/03/31 18:18:41.000","","","",""
"8771","6121","取外し作業","取外し作業 (構･艤)","","",0,"","","2025/04/01","2999/12/31","U359579","2025/03/31 18:18:41.000","","","",""
"8771","6141","ﾄﾘﾑ作業","ﾄﾘﾑ作業 (構･艤)","","",0,"","","2025/04/01","2999/12/31","U359579","2025/03/31 18:18:41.000","","","",""
"8771","6221","穴明け作業","穴明け作業 (構･艤)","","",0,"","","2025/04/01","2999/12/31","U359579","2025/03/31 18:18:41.000","","","",""
"8771","6231","皿取り作業","皿取り作業 (構･艤)","","",0,"","","2025/04/01","2999/12/31","U359579","2025/03/31 18:18:41.000","","","",""
"8771","6321","ﾘﾍﾞｯﾄ打ち作業","ﾘﾍﾞｯﾄ打ち作業 (構･艤)","","",0,"","","2025/04/01","2999/12/31","U359579","2025/03/31 18:18:41.000","","","",""
"8771","6331","ﾘﾍﾞｯﾄﾐﾗｰ作業","ﾘﾍﾞｯﾄﾐﾗｰ作業 (構･艤)","","",0,"","","2025/04/01","2999/12/31","U359579","2025/03/31 18:18:41.000","","","",""
"8771","6341","締付け作業","締付け作業 (構･艤)","","",0,"","","2025/04/01","2999/12/31","U359579","2025/03/31 18:18:41.000","","","",""
"8771","6342","ﾄﾙｸ掛け作業","ﾄﾙｸ掛け作業 (構･艤)","","",0,"","","2025/04/01","2999/12/31","U359579","2025/03/31 18:18:41.000","","","",""
"8771","6511","取付け作業","取付け作業機構品 (構･艤)","","",0,"","","2025/04/01","2999/12/31","U359579","2025/03/31 18:18:41.000","","","",""
"8771","6521","取付け作業","取付け作業ﾁｭｰﾌﾞ (構･艤)","","",0,"","","2025/04/01","2999/12/31","U359579","2025/03/31 18:18:41.000","","","",""
"8771","6551","取付け作業","取付け作業 (構･艤)","","",0,"","","2025/04/01","2999/12/31","U359579","2025/03/31 18:18:41.000","","","",""
"8771","6621","接着作業","接着作業 (構･艤)","","",0,"","","2025/04/01","2999/12/31","U359579","2025/03/31 18:18:41.000","","","",""
"8771","6641","ﾀｯﾁｱｯﾌﾟ作業","ﾀｯﾁｱｯﾌﾟ作業 (構･艤)","","",0,"","","2025/04/01","2999/12/31","U359579","2025/03/31 18:18:41.000","","","",""
"8771","6661","ﾅﾝﾊﾞｰ作業","ﾅﾝﾊﾞｰ作業 (構･艤)","","",0,"","","2025/04/01","2999/12/31","U359579","2025/03/31 18:18:41.000","","","",""
"8771","6711","調整作業","調整･確認 (構･艤)","","",0,"","","2025/04/01","2999/12/31","U359579","2025/03/31 18:18:41.000","","","",""
"8771","8511","ﾏｰｷﾝｸﾞ作業","SER/Noﾏｰｷﾝｸﾞ (電子)","","",0,"","","2025/04/01","2999/12/31","U359579","2025/03/31 18:18:41.000","","","",""
"8771","8521","ﾏｰｷﾝｸﾞ作業","ｺｰﾄﾞNoﾏｰｷﾝｸﾞ (電子)","","",0,"","","2025/04/01","2999/12/31","U359579","2025/03/31 18:18:41.000","","","",""
"8771","8821","機能試験作業","機能試験作業 (電子)","","",0,"","","2025/04/01","2999/12/31","U359579","2025/03/31 18:18:41.000","","","",""
"8771","8841","ﾊﾞｰﾝｲﾝﾃｽﾄ","ﾊﾞｰﾝｲﾝﾃｽﾄ (電子)","","",0,"","","2025/04/01","2999/12/31","U359579","2025/03/31 18:18:41.000","","","",""
"8771","8851","ﾘｰﾏﾙﾃｽﾄ","ﾘｰﾏﾙﾃｽﾄ (電子)","","",0,"","","2025/04/01","2999/12/31","U359579","2025/03/31 18:18:41.000","","","",""
"8771","8881","振動試験作業","振動試験作業 (電子)","","",0,"","","2025/04/01","2999/12/31","U359579","2025/03/31 18:18:41.000","","","",""
"8771","8932","ﾀｯﾁｱｯﾌﾟ作業","ﾀｯﾁｱｯﾌﾟ作業不具合修理 (電子)","","",0,"","","2025/04/01","2999/12/31","U359579","2025/03/31 18:18:41.000","","","",""
"8771","8961","清掃作業","電子機器組立品清掃 (電子)","","",0,"","","2025/04/01","2999/12/31","U359579","2025/03/31 18:18:41.000","","","",""
"8771","9999","品確者確認","品確者確認","","",0,"","","2025/04/01","2999/12/31","U359579","2025/03/31 18:18:41.000","","","",""
"8910","0000","-","","","",0,"","","1900/01/01","2999/03/31","","","M138854","2021/02/26 16:52:18.343","",""
"8A21","0009","自主検査","","","",0,"","","2020/04/01","2999/12/31","","","","","",""
"8A21","1100","汎用旋削加工","中型汎用旋盤","大隈,大隈,滝澤鉄工所,滝澤鉄工所,大隈","LS 540×1250,LS 450×1250,LS 450×800,TAL-510×1500S[#1],TAL-510×1500S[#2]",0,"","","2020/04/01","2999/12/31","","","","","",""
"8A21","1101","汎用旋削加工","大型汎用旋盤","大隈,滝澤鉄工所","LT 70×200,TAL-560×1500",0,"","","2020/04/01","2999/12/31","","","","","",""
"8A21","1130","旋削加工","汎用立旋盤","東芝","TX-13A",0,"","","2020/04/01","2999/12/31","","","","","",""
"8A21","1323","深穴明け加工","ｶﾞﾝﾄﾞﾘﾙ","TBT社","MO2-1500",0,"","","2020/04/01","2999/12/31","","","","","",""
"8A21","1613","曲り直し","","","",0,"","","2020/04/01","2999/12/31","","","","","",""
"8A21","1620","鋳込み、鋳込み外し作業","鋳込み、鋳込み外し等ｾﾛﾍﾞﾝﾄ溶解槽","","LS30-N",0,"","","2020/11/13","2999/12/31","M711684","2020/11/13 11:19:50.000","","","",""
"8A21","2103","NC旋削加工","中型NC旋盤","大隈","LS30-N",0,"","","2020/04/01","2999/12/31","","","","","",""
"8A21","2105","NC旋削加工","中型NC旋盤","三菱広機","MALC-12A-ACT#1,MALC-12A-ACT#2",0,"","","2020/04/01","2999/12/31","","","","","",""
"8A21","2107","NC旋削加工","小型NC旋盤","三菱広機","MALC-8S",0,"","","2020/04/01","2999/12/31","","","","","",""
"8A21","2110","NC旋削加工","大型NC旋盤","森精機","SL603B/1000 #1,SL603B/1000 #2",0,"","","2020/04/01","2999/12/31","","","","","",""
"8A21","2111","NC旋削加工","大型NC旋盤","大隈","LB45ⅡC×1000 #1,LB45ⅡC×1000 #2",0,"","","2020/04/01","2999/12/31","","","","","",""
"8A21","2112","NC旋削加工","中型NC旋盤","大隈","LS30-N",0,"","","2020/04/01","2999/12/31","","","","","",""
"8A21","2113","NC旋削加工","中型NC旋盤","大隈","LH35-N",0,"","","2020/04/01","2999/12/31","","","","","",""
"8A21","2118","NC旋削加工","小型NC旋盤","中村留精密工業","SC-200M[#2]",0,"","","2020/04/01","2999/12/31","","","","","",""
"8A21","2120","NC旋削加工","中型NC旋盤","中村留精密工業","SC-300LM",0,"","","2020/04/01","2999/12/31","","","","","",""
"8A21","2130","NC旋削加工","NC立旋盤","東芝,東芝","TSN-10A 東,TSN-10A 西",0,"","","2020/04/01","2999/12/31","","","","","",""
"8A21","2132","NC旋削加工","NC立旋盤","東芝","TSN-10B",0,"","","2020/04/01","2999/12/31","","","","","",""
"8A21","2137","NC旋削加工","NC立旋盤","ｵｰｴﾑ製作所","OMEGA60(BTS)",0,"","","2020/04/01","2999/12/31","","","","","",""
"8A21","2138","NC旋削加工","NC立旋盤","ｵｰｴﾑ製作所","OMEGA60(ACT)",0,"","","2020/04/01","2999/12/31","","","","","",""
"8A21","6900","受領","","","",0,"","修理O/H工事に限定","2020/04/01","2999/12/31","","","","","",""
"8A25","0009","自主検査","","","",0,"","","2026/04/01","2999/12/31","M123829","2026/04/03 10:08:17.447","","","",""
"8A25","1210","ﾌﾗｲｽ加工","立型ﾌﾗｲｽ盤","武田機械,大阪機工,大阪機工","TK-VS3N-LH,MHA-400ⅡP,MHA-400V-2",0,"","","2026/04/01","2999/12/31","M123829","2026/04/03 10:08:17.000","","","",""
"8A25","1300","穴明け加工","直立ﾎﾞｰﾙ盤","吉良鉄工","KU-40/SSSS",0,"","","2026/04/01","2999/12/31","M123829","2026/04/03 10:08:17.000","","","",""
"8A25","1302","背面座ぐり加工","背面座ぐり加工治具","","",0,"","","2026/04/01","2999/12/31","M123829","2026/04/03 10:08:17.000","","","",""
"8A25","1310","穴明け加工","大型ﾗｼﾞｱﾙﾎﾞｰﾙ盤","愛知時計,愛知時計","DRA-J 1600,DRA-J 1250",0,"","","2026/04/01","2999/12/31","M123829","2026/04/03 10:08:17.000","","","",""
"8A25","1311","穴明け加工","小型ﾗｼﾞｱﾙﾎﾞｰﾙ盤","帝人製機","DMB",0,"","","2026/04/01","2999/12/31","M123829","2026/04/03 10:08:17.000","","","",""
"8A25","1420","中ぐり加工","立型治具中ぐり盤","SIP社,SIP社,SIP社","MP-3K,Hydroptic-7A CN-R,Hydroptic-6A CN-4",0,"","","2026/04/01","2999/12/31","M123829","2026/04/03 10:08:17.000","","","",""
"8A25","1430","中ぐり加工","横型治具中ぐり盤","DIXI,DIXI","75-OP,75-OM",0,"","","2026/04/01","2999/12/31","M123829","2026/04/03 10:08:17.000","","","",""
"8A25","1510","外径研削加工","外径研削盤","ｼﾞｪｲﾃｸﾄ,STUDER,STUDER,三菱京畿","GE4P-100Ⅱ,S30-1,S30-12-700/125,RB32-H50P",0,"","","2026/04/01","2999/12/31","M123829","2026/04/03 10:08:17.000","","","",""
"8A25","1511","研削加工","ｸﾗｯｼｭ研削盤","SHEFFIELD,BENDIX","Model 110-B,Model 10",0,"","","2026/04/01","2999/12/31","M123829","2026/04/03 10:08:17.000","","","",""
"8A25","1512","外径研削加工","外径研削盤","津上製作所","T-IGD-150型",0,"","","2026/04/01","2999/12/31","M123829","2026/04/03 10:08:17.000","","","",""
"8A25","1514","研削加工","ﾕﾆﾊﾞｰｻﾙ研削盤","日平産業","3RHU-24/36",0,"","","2026/04/01","2999/12/31","M123829","2026/04/03 10:08:17.000","","","",""
"8A25","1520","内径研削加工","内径研削盤","WOTAN,ｼﾞｪｲﾃｸﾄ,大成機械,東洋工業,TOYO","SN.207/8G,GL4P-63Ⅲ,GRI-800NⅡ,T-1334型,T-11JAS",0,"","","2026/04/01","2999/12/31","M123829","2026/04/03 10:08:17.000","","","",""
"8A25","1540","ﾈｼﾞ加工","万能ﾈｼﾞ研磨盤","LINDNER","Standard Type L Side Type B",0,"","","2026/04/01","2999/12/31","M123829","2026/04/03 10:08:17.000","","","",""
"8A25","1550","ﾎｰﾆﾝｸﾞ加工","ﾎｰﾆﾝｸﾞﾏｼﾝ","GEHIRING","KSS1200-180",0,"","","2026/04/01","2999/12/31","M123829","2026/04/03 10:08:17.000","","","",""
"8A25","1553","ﾎｰﾆﾝｸﾞ加工","ﾎｰﾆﾝｸﾞﾏｼﾝ","SUNNEN","MBB-1290D-E",0,"","","2026/04/01","2999/12/31","M123829","2026/04/03 10:08:17.000","","","",""
"8A25","1560","研削加工","ﾛｰﾀﾘｰ研削盤","三正製作","GK-800,SS500",0,"","","2026/04/01","2999/12/31","M123829","2026/04/03 10:08:17.000","","","",""
"8A25","1590","研削加工","治具研削盤","MOORE","#3",0,"","","2026/04/01","2999/12/31","M123829","2026/04/03 10:08:17.000","","","",""
"8A25","1605","ﾌﾟﾘｾｯﾄ作業","ﾏｼﾆﾝｸｾﾝﾀ","","",0,"","","2026/04/01","2999/12/31","M123829","2026/04/03 10:08:17.000","","","",""
"8A25","1700","鋸盤作業","鋸盤","","H-400",0,"","","2026/04/01","2999/12/31","M123829","2026/04/03 10:08:17.000","","","",""
"8A25","1931","C.C研削加工","ｶｯﾌﾟﾘﾝｸﾞ研削盤","GLEASON","GL#120",0,"","","2026/04/01","2999/12/31","M123829","2026/04/03 10:08:17.000","","","",""
"8A25","1960","穴研削加工","穴研削盤","豊田工機","CC-12-130",0,"","","2026/04/01","2999/12/31","M123829","2026/04/03 10:08:17.000","","","",""
"8A25","1980","ﾗｯﾋﾟﾝｸﾞ加工","平面ﾗｯﾌﾟ盤","津上","TLPM-U900",0,"","","2026/04/01","2999/12/31","M123829","2026/04/03 10:08:17.000","","","",""
"8A25","2310","ﾏｼﾆﾝｸﾞｾﾝﾀｰ加工","立型3軸ﾏｼﾆﾝｸﾞｾﾝﾀ","三菱広機,三菱広機","M-V70S #1,M-V70S #2",0,"","","2026/04/01","2999/12/31","M123829","2026/04/03 10:08:17.000","","","",""
"8A25","2315","ﾏｼﾆﾝｸﾞｾﾝﾀｰ加工","立型3軸ﾏｼﾆﾝｸﾞｾﾝﾀ","森精機","NV5000α1A/50",0,"","","2026/04/01","2999/12/31","M123829","2026/04/03 10:08:17.000","","","",""
"8A25","2317","ﾏｼﾆﾝｸﾞｾﾝﾀｰ加工","立型3軸ﾏｼﾆﾝｸﾞｾﾝﾀ","三菱広機","M-V70E",0,"","","2026/04/01","2999/12/31","M123829","2026/04/03 10:08:17.000","","","",""
"8A25","2318","NC治具中ぐり加工","NCｼﾞｸﾞﾎﾞｰﾗｰ","安田","YBM9150V",0,"","","2026/04/01","2999/12/31","M123829","2026/04/03 10:08:17.000","","","",""
"8A25","2445","ﾏｼﾆﾝｸﾞｾﾝﾀｰ加工","門型3軸ﾏｼﾆﾝｸﾞｾﾝﾀ","三菱工機","MVR25",0,"","","2026/04/01","2999/12/31","M123829","2026/04/03 10:08:17.000","","","",""
"8A25","2500","研削加工","CNC平面研削盤","ｱﾏﾀﾞﾜｼﾉ","TECHSTER D3",0,"","","2026/04/01","2999/12/31","M123829","2026/04/03 10:08:17.000","","","",""
"8A25","2514","外径研削加工","CNC外径研削盤","大隈","GA44N×150F",0,"","","2026/04/01","2999/12/31","M123829","2026/04/03 10:08:17.000","","","",""
"8A25","2550","NCﾎｰﾆﾝｸﾞ加工","CNC立型ﾎｰﾆﾝｸﾞ盤","㈱日進製作所","E25-MS1",0,"","","2026/04/01","2999/12/31","M123829","2026/04/03 10:08:17.000","","","",""
"8A25","2590","NC立型研削加工","CNC立型研削盤","OM,太陽工機","1250VGN,NVG-12CT,CVG-13",0,"","","2026/04/01","2999/12/31","M123829","2026/04/03 10:08:17.000","","","",""
"8A25","2809","ﾏｼﾆﾝｸﾞｾﾝﾀｰ加工","横型5軸ﾏｼﾆﾝｸﾞｾﾝﾀ","牧野","A-55-5XR",0,"","","2026/04/01","2999/12/31","M123829","2026/04/03 10:08:17.000","","","",""
"8A25","2813","ﾏｼﾆﾝｸﾞｾﾝﾀｰ加工","5軸ﾏｼﾆﾝｸﾞｾﾝﾀｰ研削盤","牧野","A-77-5XR",0,"","","2026/04/01","2999/12/31","M123829","2026/04/03 10:08:17.000","","","",""
"8A25","2814","ﾏｼﾆﾝｸﾞｾﾝﾀｰ加工","横型5軸ﾏｼﾆﾝｸﾞｾﾝﾀ","ﾏｷﾉ,ﾏｷﾉ","MCD1516-5XA #1,MCD1516-5XA #2",0,"","","2026/04/01","2999/12/31","M123829","2026/04/03 10:08:17.000","","","",""
"8A25","2818","ﾏｼﾆﾝｸﾞｾﾝﾀｰ加工","横型5軸ﾏｼﾆﾝｸﾞｾﾝﾀ","安田,安田","H40i #1,H40i #2",0,"","","2026/04/01","2999/12/31","M123829","2026/04/03 10:08:17.000","","","",""
"8A25","2890","NCﾌﾞﾛｰﾁ加工","CNC立型ﾌﾞﾛｰﾁ盤","HOFFMANN","RASMX 25*2500*630",0,"","","2026/04/01","2999/12/31","U359579","2026/04/03 10:08:17.000","","","",""
"8A25","5830","VANE専用ｾﾙ","立型5軸ﾏｼﾆﾝｸﾞｾﾝﾀ,ﾏｰｷﾝｸﾞ･手仕上げ,ｾﾗﾐｯｸﾋﾞｰﾄﾞﾋﾟｰﾆﾝｸﾞ,自主検査(処理),ﾒﾃﾞｨｱﾌｨﾆｯｼｭ,三次元測定","森精機","NMV5000DCG",0,"","","2026/04/01","2999/12/31","M123829","2026/04/03 10:08:17.000","","","",""
"8A25","6900","受領","","","",0,"","修理O/H工事に限定","2026/04/01","2999/12/31","M123829","2026/04/03 10:08:17.550","","","",""
"8A54","0009","自主検査","","","",0,"","","2021/04/01","2999/12/31","M138854","2021/03/31 17:25:30.000","","","",""
"8A54","0321","機能試験作業","機能試験作業","","",0,"","","2021/04/01","2999/12/31","M138854","2021/03/31 17:25:30.000","","","",""
"8A54","1605","ﾌﾟﾘｾｯﾄ作業","ﾏｼﾆﾝｸﾞｾﾝﾀ","","",0,"","","2021/04/01","2999/12/31","M138854","2021/03/31 17:25:30.000","","","",""
"8A54","1610","仕上作業","手入れ、洗浄等","","",0,"","","2021/04/01","2999/12/31","M138854","2021/03/31 17:25:30.000","","","",""
"8A54","2116","NC旋削加工","大型NC旋盤","森精機","SL603C/2000",0,"","","2021/04/01","2999/12/31","M138854","2021/03/31 17:25:30.000","","","",""
"8A54","2122","NC旋削加工","NC旋盤","森精機","NL3000Y/700",0,"","","2021/04/01","2999/12/31","M138854","2021/03/31 17:25:30.000","","","",""
"8A54","2141","NC旋削加工","SM-3専用NC立旋盤","ｵｰｴﾑ製作所","VTLex915 ◆",0,"","◆SM-3専用治具","2021/04/01","2999/12/31","M138854","2021/03/31 17:25:30.000","","","",""
"8A54","2210","NCﾌﾗｲｽ加工","立型NCﾌﾗｲｽ盤","大阪機工","MHA-300V",0,"","","2021/04/01","2999/12/31","M138854","2021/03/31 17:25:30.000","","","",""
"8A54","2682","NC放電加工","SM-3専用型彫り放電加工機","Sodick","AG60L #1◆,AG60L #2◆,AG60L #3◆,AG60L #5◆",0,"","◆SM-3専用治具","2021/04/01","2999/12/31","M138854","2021/03/31 17:25:30.000","M157031","2023/05/22 13:10:05.597","",""
"8A54","2684","NC放電加工","SM-3専用ワイヤ放電加工機","Sodick","ALN600GH #1◆,ALN600GH #2◆",0,"","◆SM-3専用治具","2023/06/01","2999/12/31","M157031","2023/05/22 10:08:55.000","","","",""
"8A54","2822","ﾏｼﾆﾝｸﾞｾﾝﾀｰ加工","SM-3専用横型4軸ﾏｼﾆﾝｸﾞｾﾝﾀ","ﾏｷﾉ","A99ε#1,A99ε#2,A99ε#3,A99ε#5,A99ε#7◆,A99ε#8◆",0,"","◆SM-3専用治具","2021/04/01","2999/12/31","M138854","2021/03/31 17:25:30.000","","","",""
"8A54","2827","ﾏｼﾆﾝｸﾞｾﾝﾀｰ加工","SM-3専用立型5軸ﾏｼﾆﾝｸﾞｾﾝﾀ","森精機","NMV8000DCG/40 #1,NMV8000DCG/40 #2 ◆",0,"","◆SM-3専用治具","2021/04/01","2999/12/31","M138854","2021/03/31 17:25:30.000","","","",""
"8A54","2828","ﾏｼﾆﾝｸﾞｾﾝﾀｰ加工","SM-3専用立型5軸ﾏｼﾆﾝｸﾞｾﾝﾀ","ﾏｷﾉ","D500 #1,D500 #2,D500 #3◆,D500 #5◆,D500 #7◆,D500 #8◆",0,"","◆SM-3専用治具","2021/04/01","2999/12/31","M138854","2021/03/31 17:25:30.000","","","",""
"8A54","2830","ﾏｼﾆﾝｸﾞｾﾝﾀｰ加工","SM-3専用横型5軸ﾏｼﾆﾝｸﾞｾﾝﾀ","安田工業","YBM8T #1 ◆,YBM8T #2 ◆",0,"","◆SM-3専用治具","2021/04/01","2999/12/31","M138854","2021/03/31 17:25:30.000","","","",""
"8A54","6111","位置決め作業","位置決め作業","","",0,"","","2021/04/01","2999/12/31","M138854","2021/03/31 17:25:30.000","","","",""
"8A54","6121","取外し作業","取外し作業","","",0,"","","2021/04/01","2999/12/31","M138854","2021/03/31 17:25:30.000","","","",""
"8A54","6141","ﾄﾘﾑ作業","ﾄﾘﾑ作業","","",0,"","","2021/04/01","2999/12/31","M138854","2021/03/31 17:25:30.000","","","",""
"8A54","6221","穴明け作業","穴明け作業","","",0,"","","2021/04/01","2999/12/31","M138854","2021/03/31 17:25:30.000","","","",""
"8A54","6231","皿取り作業","皿取り作業","","",0,"","","2021/04/01","2999/12/31","M138854","2021/03/31 17:25:30.000","","","",""
"8A54","6321","ﾘﾍﾞｯﾄ打ち作業","ﾘﾍﾞｯﾄ打ち作業","","",0,"","","2021/04/01","2999/12/31","M138854","2021/03/31 17:25:30.000","","","",""
"8A54","6331","ﾘﾍﾞｯﾄﾐﾗｰ作業","ﾘﾍﾞｯﾄﾐﾗｰ作業","","",0,"","","2021/04/01","2999/12/31","M138854","2021/03/31 17:25:30.000","","","",""
"8A54","6341","締付け作業","締付け作業","","",0,"","","2021/04/01","2999/12/31","M138854","2021/03/31 17:25:30.000","","","",""
"8A54","6342","ﾄﾙｸ掛け作業","ﾄﾙｸ掛け作業","","",0,"","","2021/04/01","2999/12/31","M138854","2021/03/31 17:25:30.000","","","",""
"8A54","6511","取付け作業","取付け作業機構品","","",0,"","","2021/04/01","2999/12/31","M138854","2021/03/31 17:25:30.000","","","",""
"8A54","6551","取付け作業","取付け作業","","",0,"","","2021/04/01","2999/12/31","M138854","2021/03/31 17:25:30.000","","","",""
"8A54","6621","接着作業","接着作業","","",0,"","","2021/04/01","2999/12/31","M138854","2021/03/31 17:25:30.000","","","",""
"8A54","6641","ﾀｯﾁｱｯﾌﾟ作業","ﾀｯﾁｱｯﾌﾟ作業","","",0,"","","2021/04/01","2999/12/31","M138854","2021/03/31 17:25:30.000","","","",""
"8A54","6711","調整作業","調整･確認","","",0,"","","2021/04/01","2999/12/31","M138854","2021/03/31 17:25:30.000","","","",""
"8A54","9999","品確者確認","品確者確認","","",0,"","","2021/04/01","2999/12/31","M138854","2021/03/31 17:25:30.000","","","",""
"8A55","0313","金属3D造形(L-PBF)","金属3D造形装置(L-PBF)","EOS","M400-4 飛昇体#1",1,"","ASM-3専用治具","2021/05/26","2999/12/31","M711684","2021/05/26 09:38:48.000","","","",""
"8A55","0314","金属3D造形(L-PBF)","金属3D造形装置(L-PBF)","EOS","M400-4 飛昇体#2",1,"","ASM-3専用治具","2023/08/07","2999/12/31","M157031","2023/08/07 11:07:16.000","","","",""
"8A55","1605","ﾌﾟﾘｾｯﾄ作業","ﾏｼﾆﾝｸﾞｾﾝﾀ","","",0,"","","2021/04/01","2999/12/31","M138854","2021/03/31 17:27:34.000","","","",""
"8A55","1610","仕上作業","手入れ、洗浄等","","",0,"","","2021/04/01","2999/12/31","M138854","2021/03/31 17:27:34.000","","","",""
"8A55","1680","放電加工","放電加工機","AGIE","AB-GT",0,"","","2021/04/01","2999/12/31","M138854","2021/03/31 17:27:34.000","","","",""
"8A55","2121","NC旋削加工","長尺NC旋盤","森精機製作所","NL3000/3000",0,"","","2021/04/01","2999/12/31","M138854","2021/03/31 17:27:34.000","","","",""
"8A55","2313","ﾏｼﾆﾝｸﾞｾﾝﾀｰ加工","立型3軸ﾏｼﾆﾝｸﾞｾﾝﾀ","三菱広機","M-V70C",0,"","","2021/04/01","2999/12/31","M138854","2021/03/31 17:27:34.000","","","",""
"8A55","2316","ﾀｰﾆﾝｸﾞｾﾝﾀｰ加工","旋削複合機","中村留","SuperNTX",0,"","","2021/04/01","2999/12/31","M138854","2021/03/31 17:27:34.000","","","",""
"8A55","2317","ﾀｰﾆﾝｸﾞｾﾝﾀｰ加工","旋削複合機","森精機","NT6600DCG/3000B",0,"","","2021/04/01","2999/12/31","M138854","2021/03/31 17:27:34.000","","","",""
"8A55","2681","NC放電加工","放電加工機","Sodick","AQ55L #1,AQ55L #2,AQ55L #3",0,"","","2021/04/01","2999/12/31","M138854","2021/03/31 17:27:34.000","","","",""
"8A55","2683","NC放電加工","ワイヤ放電加工機","Sodick","ALN800G",0,"","","2021/04/01","2999/12/31","M138854","2021/03/31 17:27:34.000","","","",""
"8A55","2809","ﾏｼﾆﾝｸﾞｾﾝﾀｰ加工","横型4軸ﾏｼﾆﾝｸﾞｾﾝﾀ","牧野","A-55",0,"","","2021/04/01","2999/12/31","M138854","2021/03/31 17:27:34.000","","","",""
"8A55","2815","ﾏｼﾆﾝｸﾞｾﾝﾀｰ加工","横型4軸ﾏｼﾆﾝｸﾞｾﾝﾀ","三菱広機","M-H80EN #1",0,"","","2021/04/01","2999/12/31","M138854","2021/03/31 17:27:34.000","","","",""
"8A55","2817","ﾏｼﾆﾝｸﾞｾﾝﾀｰ加工","横型5軸ﾏｼﾆﾝｸﾞｾﾝﾀｰ","三井精機工業","HU8A-5X",0,"","","2023/01/17","2999/12/31","M138854","2023/01/13 19:48:06.000","","","",""
"8A55","2819","ﾏｼﾆﾝｸﾞｾﾝﾀｰ加工","横型5軸ﾏｼﾆﾝｸﾞｾﾝﾀ","安田工業","YBM-10T-100TT",0,"","","2021/04/01","2999/12/31","M138854","2021/03/31 17:27:34.000","","","",""
"8A55","2820","ﾏｼﾆﾝｸﾞｾﾝﾀｰ加工","門型5軸複合加工機","三菱工機","M-VU160-T",0,"","","2021/04/01","2999/12/31","M138854","2021/03/31 17:27:34.000","","","",""
"8A55","2824","ﾏｼﾆﾝｸﾞｾﾝﾀｰ加工","立型5軸ﾏｼﾆﾝｸﾞｾﾝﾀ","森精機","NMV5000/40DCG",0,"","","2021/04/01","2999/12/31","M138854","2021/03/31 17:27:34.000","","","",""
"8A55","2825","ﾏｼﾆﾝｸﾞｾﾝﾀｰ加工","横型4軸ﾏｼﾆﾝｸﾞｾﾝﾀ","森精機","NH5000DCG/40 #1,NH5000DCG/40 #2",0,"","","2021/04/01","2999/12/31","M138854","2021/03/31 17:27:34.000","","","",""
"8A55","2831","ﾏｼﾆﾝｸﾞｾﾝﾀｰ加工","5軸複合加工機","DMG MORI","DMC125FD",0,"","","2021/04/01","2999/12/31","M138854","2021/03/31 17:27:34.000","","","",""
"8A55","6900","受領","","","",0,"","修理O/H工事に限定","2021/04/01","2999/12/31","M138854","2021/03/31 17:27:34.000","","","",""
"8A56","0800","焼嵌め、冷間絞り","","","",0,"","","2021/04/01","2999/12/31","M138854","2021/03/31 17:28:49.000","","","",""
"8A56","0810","脱脂作業","溶剤脱脂洗浄","ｸﾘﾝﾋﾞｰ","HEARVY4060◆",0,"","◆TJM6専用","2025/10/01","2999/12/31","M123829","2025/09/29 11:00:34.000","","","",""
"8A56","1010","組立作業","","","",0,"","","2021/04/01","2999/12/31","M138854","2021/03/31 17:28:49.000","","","",""
"8A56","1060","分解作業","","","",0,"","","2021/04/01","2999/12/31","M138854","2021/03/31 17:28:49.000","","","",""
"8A56","1600","ｹｶﾞｷ作業","","","",0,"","","2021/04/01","2999/12/31","M138854","2021/03/31 17:28:49.000","","","",""
"8A56","1610","仕上作業","手入れ、洗浄等","","",0,"","","2021/04/01","2999/12/31","M138854","2021/03/31 17:28:49.000","","","",""
"8A56","1611","ｴｸｽﾂﾙｰﾄﾞﾎｰﾝ","ｴｸｽﾂﾙｰﾄﾞﾎｰﾝ","東洋ｴｸｽ","MARK VⅡ-120",0,"","","2021/04/01","2999/12/31","M138854","2021/03/31 17:28:49.000","","","",""
"8A56","1612","洗浄作業","純水洗浄装置","森合精機","MCJ-500S◆",0,"","◆TJM6専用","2025/10/01","2999/12/31","M123829","2025/09/29 11:00:34.000","","","",""
"8A56","1615","計測作業","3次元計測機","ZEISS","Prismo fortis◆",0,"","◆TJM6専用","2025/10/01","2999/12/31","M123829","2025/09/29 11:00:34.000","","","",""
"8A56","1616","仕上作業(機械加工)","手入れ、洗浄等","","◆7工場",0,"","","2025/10/15","2999/12/31","M123829","2025/10/14 08:52:53.000","","","",""
"8A56","1630","ﾌﾟﾚｽ加工","油圧ﾌﾟﾚｽ機","理研機器","RD-50",0,"","","2021/04/01","2999/12/31","M138854","2021/03/31 17:28:49.000","","","",""
"8A56","1660","圧力試験作業","水圧､空圧","新東ﾌﾞﾚｰﾀｰ","AB-MT3",0,"","","2021/04/01","2999/12/31","M138854","2021/03/31 17:28:49.000","","","",""
"8A56","2641","NCｼｮｯﾄﾋﾟｰﾆﾝｸﾞ","ｼｮｯﾄﾋﾟｰﾆﾝｸﾞ","新東ﾌﾞﾚｰﾀｰ","MYR-ML-089",0,"","","2021/04/01","2999/12/31","M138854","2021/03/31 17:28:49.000","","","",""
"8A56","2642","NCｼｮｯﾄﾋﾟｰﾆﾝｸﾞ","ｼｮｯﾄﾋﾟｰﾆﾝｸﾞ","新東工業","SNT-1CA",0,"","","2021/04/01","2999/12/31","M138854","2021/03/31 17:28:49.000","","","",""
"8A56","2643","NCｼｮｯﾄﾋﾟｰﾆﾝｸﾞ","ｼｮｯﾄﾋﾟｰﾆﾝｸﾞ","新東工業","SJA11A",0,"","","2021/04/01","2999/12/31","M138854","2021/03/31 17:28:49.000","","","",""
"8A56","3060","圧力、引張試験","油圧","津島","7F-TE4",0,"","","2021/04/01","2999/12/31","M138854","2021/03/31 17:28:49.000","","","",""
"8A56","6900","受領","","","",0,"","修理O/H工事に限定","2021/04/01","2999/12/31","M138854","2021/03/31 17:28:49.000","","","",""
"8A61","0009","自主検査","","","",0,"","","2020/04/01","2999/12/31","","","","","",""
"8A61","0680","応力除去、焼ならし","応力除去、焼ならし","","",0,"","","2020/04/01","2999/12/31","","","","","",""
"8A61","0683","応力除去(23HR)","応力除去,23HRﾍﾞｰｸ","","",0,"","","2020/04/01","2999/12/31","","","","","",""
"8A61","0712","接着プライマ","","","",0,"","","2025/04/01","2999/12/31","U359579","2025/03/31 15:15:59.000","","","",""
"8A61","0810","脱脂作業","水系脱脂、溶剤蒸気脱脂","","",0,"","","2020/04/01","2999/12/31","","","","","",""
"8A61","0820","ｱﾛｼﾞﾝ処理","ｱﾛｼﾞﾝ処理","","",0,"","","2020/04/01","2999/12/31","","","","","",""
"8A61","0821","ｱﾛｼﾞﾝT/U","ｱﾛｼﾞﾝT/U","","",0,"","","2021/06/24","2999/12/31","M711684","2021/06/24 11:14:59.000","","","",""
"8A61","0830","ｸﾛﾑ酸ｱﾉﾀﾞｲｽﾞ","ｸﾛﾑ酸ｱﾉﾀﾞｲｽﾞ","","",0,"","","2021/06/24","2999/12/31","","","M711684","2021/06/24 11:17:10.840","",""
"8A61","0831","硫酸ｱﾉﾀﾞｲｽﾞ（非着色に限る）","硫酸ｱﾉﾀﾞｲｽﾞ（非着色に限る）","","",0,"","","2021/06/24","2999/12/31","M711684","2021/06/24 11:18:15.000","","","",""
"8A61","0835","ﾏｽｷﾝｸﾞ","化成処理前ﾏｽｷﾝｸﾞ","","",0,"","","2020/04/01","2999/12/31","","","","","",""
"8A61","0840","ﾎﾟｰﾗｽｶﾄﾞﾐｳﾑめっき 及び ﾍﾞｰｸ、ﾆｯｹﾙｶﾄﾞﾐｳﾑ拡散めっき","ﾎﾟｰﾗｽｶﾄﾞﾐｳﾑめっき、ﾆｯｹﾙｶﾄﾞﾐｳﾑ拡散めっき","","",0,"","","2020/04/01","2999/12/31","","","","","",""
"8A61","0843","ﾎﾟｰﾗｽｶﾄﾞﾐｳﾑめっき 及び ｸﾛﾒｰﾄ","ﾎﾟｰﾗｽｶﾄﾞﾐｳﾑめっき+ﾍﾞｰｸ+ｸﾛﾒｰﾄ","","",0,"","","2020/04/01","2999/12/31","","","","","",""
"8A61","0844","ｼｱﾝ化ｶﾄﾞﾐｳﾑめっき","ｼｱﾝ化ｶﾄﾞﾐｳﾑめっき","","",0,"","","2020/04/01","2999/12/31","","","","","",""
"8A61","0845","ｼｱﾝ化ｶﾄﾞﾐｳﾑめっき及びﾍﾞｰｸ","ｼｱﾝ化ｶﾄﾞﾐｳﾑめっき+ﾍﾞｰｸ","","",0,"","","2020/04/01","2999/12/31","","","","","",""
"8A61","0846","ｼｱﾝ化ｶﾄﾞﾐｳﾑめっき、ﾍﾞｰｸ及びｸﾛﾒｰﾄ","ｼｱﾝ化ｶﾄﾞﾐｳﾑめっき+ﾍﾞｰｸ+ｸﾛﾒｰﾄ","","",0,"","","2020/04/01","2999/12/31","","","","","",""
"8A61","0847","ｼｱﾝ化ｶﾄﾞﾐｳﾑめっき及びｸﾛﾒｰﾄ","ｼｱﾝ化ｶﾄﾞﾐｳﾑめっき+ｸﾛﾒｰﾄ","","",0,"","","2020/04/01","2999/12/31","","","","","",""
"8A61","0850","ﾊﾟｼﾍﾞｰﾄ処理","ﾊﾟｼﾍﾞｰﾄ処理","","",0,"","","2021/06/24","2999/12/31","","","M711684","2021/06/24 11:19:06.287","",""
"8A61","0851","洗浄作業","ｼｮｯﾄ後洗浄(鉄分除去)","","",0,"","","2020/04/01","2999/12/31","","","","","",""
"8A61","0852","ﾎﾜｲﾄﾚｲﾔ除去","ﾎﾜｲﾄﾚｲﾔ除去+ﾍﾞｰｸ","","",0,"","","2020/04/01","2999/12/31","","","","","",""
"8A61","0853","ｴﾚｸﾄﾛｴｯﾁ洗浄作業","ｴﾚｸﾄﾛｴｯﾁ洗浄","","",0,"","","2020/04/01","2999/12/31","","","","","",""
"8A61","0854","ｻﾞｲｸﾞﾛ前ｴｯﾁﾝｸﾞ","ｻﾞｲｸﾞﾛ前ｴｯﾁﾝｸﾞ","","",0,"","","2020/04/01","2999/12/31","","","","","",""
"8A61","0855","ﾅｲﾀﾙｴｯﾁ","ﾅｲﾀﾙｴｯﾁ","","",0,"","","2020/04/01","2999/12/31","","","","","",""
"8A61","0856","ﾅｲﾀﾙｴｯﾁ及び応力除去","ﾅｲﾀﾙｴｯﾁ + 応力除去","","",0,"","","2020/04/01","2999/12/31","","","","","",""
"8A61","0857","ﾁﾀﾝ合金の酸洗い","ﾁﾀﾝ合金の酸洗い","","",0,"","","2020/04/01","2999/12/31","","","","","",""
"8A61","0859","溶接前洗浄作業","溶接前洗浄","","",0,"","","2020/04/01","2999/12/31","","","","","",""
"8A61","0860","DOW19T/U","DOW19T/U","","",0,"","","2021/06/24","2999/12/31","","","M711684","2021/06/24 11:19:56.250","",""
"8A61","0861","HAE処理","HAE処理","","",0,"","","2020/04/01","2999/12/31","","","","","",""
"8A61","0862","DOW17処理","DOW17処理","","",0,"","","2020/04/01","2999/12/31","","","","","",""
"8A61","0863","DOW7 ﾀﾞｲｸﾛﾒｰﾄ","DOW7 ﾀﾞｲｸﾛﾒｰﾄ","","",0,"","","2021/06/24","2999/12/31","M711684","2021/06/24 11:20:46.000","","","",""
"8A61","0870","銅めっき","銅めっき","","",0,"","","2020/04/01","2999/12/31","","","","","",""
"8A61","0871","銅めっき及びﾍﾞｰｸ","銅めっき + ﾍﾞｰｸ","","",0,"","","2020/04/01","2999/12/31","","","","","",""
"8A61","0872","ﾌﾞﾛﾝｽﾞめっき","ﾌﾞﾛﾝｽﾞめっき","","",0,"","","2020/04/01","2999/12/31","","","","","",""
"8A61","0873","ﾌﾞﾛﾝｽﾞめっき及びﾍﾞｰｸ","ﾌﾞﾛﾝｽﾞめっき + ﾍﾞｰｸ","","",0,"","","2020/04/01","2999/12/31","","","","","",""
"8A61","0880","銀めっき","銀めっき","","",0,"","","2020/04/01","2999/12/31","","","","","",""
"8A61","0881","銀めっき及びﾍﾞｰｸ","銀めっき + ﾍﾞｰｸ","","",0,"","","2020/04/01","2999/12/31","","","","","",""
"8A61","0882","筆 銀めっき","筆 銀めっき","","",0,"","","2021/06/24","2999/12/31","M711684","2021/06/24 11:21:32.000","","","",""
"8A61","0884","筆ｶﾄﾞﾐｳﾑめっき","筆ｶﾄﾞﾐｳﾑめっき","","",0,"","","2021/06/24","2999/12/31","M711684","2021/06/24 11:22:16.000","","","",""
"8A61","0885","筆ﾆｯｹﾙめっき","筆ﾆｯｹﾙめっき","","",0,"","","2021/06/24","2999/12/31","M711684","2021/06/24 11:23:03.000","","","",""
"8A61","0890","錫めっき","錫めっき","","",0,"","","2020/04/01","2999/12/31","","","","","",""
"8A61","0891","錫めっき及びﾍﾞｰｸ","錫めっき + ﾍﾞｰｸ","","",0,"","","2020/04/01","2999/12/31","","","","","",""
"8A61","0900","鉛めっき","鉛系めっき","","",0,"","","2020/04/01","2999/12/31","","","","","",""
"8A61","0920","ﾏｽｸｹﾐｶﾙﾐﾙ","","","",0,"","","2020/04/01","2999/12/31","","","","","",""
"8A61","1610","仕上作業","手入れ、洗浄等","","",0,"","","2020/04/01","2999/12/31","","","","","",""
"8A61","6010","ﾄﾞﾗｲﾌﾞﾗｽﾄ","ﾌﾞﾗｽﾄ装置","新東工業","MY-50E-003",0,"","","2021/04/01","2999/12/31","M138854","2021/03/31 17:30:31.000","","","",""
"8A61","6102","無電解ﾆｯｹﾙめっき","無電解ﾆｯｹﾙめっき","","",0,"","","2020/04/01","2999/12/31","","","","","",""
"8A61","6103","無電解ﾆｯｹﾙめっき及びﾍﾞｰｸ","無電解ﾆｯｹﾙめっき+ﾍﾞｰｸ","","",0,"","","2020/04/01","2999/12/31","","","","","",""
"8A61","6104","ｽﾙﾌｧﾐﾝ酸ﾆｯｹﾙめっき","ｽﾙﾌｧﾐﾝ酸ﾆｯｹﾙめっき(軟質に限る)","","",0,"","","2020/04/01","2999/12/31","","","","","",""
"8A61","6105","ﾆｯｹﾙｶﾄﾞﾐｳﾑ拡散めっき","ﾆｯｹﾙｶﾄﾞﾐｳﾑ拡散めっき","","",0,"","","2021/06/24","2999/12/31","M711684","2021/06/24 11:23:58.000","","","",""
"8A61","6110","ｸﾛﾑめっき","ｸﾛﾑめっき+ﾍﾞｰｸ","","",0,"","","2020/04/01","2999/12/31","","","","","",""
"8A61","6112","ｸﾛﾑめっき+23HRﾍﾞｰｸ","ｸﾛﾑめっき+23HRﾍﾞｰｸ","","",0,"","","2020/04/01","2999/12/31","","","","","",""
"8A61","6113","ｸﾗｯｸﾌﾘｰｸﾛﾑめっき","ｸﾗｯｸﾌﾘｰｸﾛﾑめっき","","",0,"","","2021/06/24","2999/12/31","M711684","2021/06/24 11:24:40.000","","","",""
"8A61","6120","ﾘﾝ酸塩処理","ﾘﾝ酸塩処理 + ﾍﾞｰｸ","","",0,"","","2020/04/01","2999/12/31","","","","","",""
"8A61","6130","黒色酸化処理","黒色酸化処理 + ﾍﾞｰｸ","","",0,"","","2020/04/01","2999/12/31","","","","","",""
"8A61","6140","めっきｽﾄﾘｯﾌﾟ","銅ｽﾄﾘｯﾌﾟ+ ﾍﾞｰｸ","","",0,"","","2020/04/01","2999/12/31","","","","","",""
"8A61","6141","めっきｽﾄﾘｯﾌﾟ","ﾌﾞﾛﾝｽﾞｽﾄﾘｯﾌﾟ+ﾍﾞｰｸ","","",0,"","","2020/04/01","2999/12/31","","","","","",""
"8A61","6142","めっきｽﾄﾘｯﾌﾟ","錫ｽﾄﾘｯﾌﾟ + ﾍﾞｰｸ","","",0,"","","2020/04/01","2999/12/31","","","","","",""
"8A61","6143","めっきｽﾄﾘｯﾌﾟ","その他ｽﾄﾘｯﾌﾟ+ﾍﾞｰｸ","","",0,"","","2020/04/01","2999/12/31","","","","","",""
"8A61","6150","ｴﾝｼﾞｭﾘｵﾝ","ｴﾝｼﾞｭﾘｵﾝ","","",0,"","","2020/04/01","2999/12/31","","","","","",""
"8A61","6160","ｱﾉﾃﾞｨｯｸｴｯﾁ（EIM）","ｱﾉﾃﾞｨｯｸｴｯﾁ（EIM）","","",0,"","","2021/06/24","2999/12/31","M711684","2021/06/24 11:25:32.000","","","",""
"8A61","6161","ﾊﾟｼﾍﾞｰﾄT/U","ﾊﾟｼﾍﾞｰﾄT/U","","",0,"","","2021/06/24","2999/12/31","M711684","2021/06/24 11:26:07.000","","","",""
"8A61","6162","酸洗い","酸洗い","","",0,"","","2021/06/24","2999/12/31","M711684","2021/06/24 11:26:38.000","","","",""
"8A61","6163","ｾﾛﾍﾞﾝﾄ除去（酸洗）","ｾﾛﾍﾞﾝﾄ除去（酸洗）","","",0,"","","2021/06/24","2999/12/31","M711684","2021/06/24 11:27:27.000","","","",""
"8A61","6164","ｱﾙｶﾘ洗浄","ｱﾙｶﾘ洗浄","","",0,"","","2021/06/24","2999/12/31","M711684","2021/06/24 11:28:02.000","","","",""
"8A61","6165","ﾁﾀﾝﾊﾟｼﾍﾞｰﾄ","ﾁﾀﾝﾊﾟｼﾍﾞｰﾄ","","",0,"","","2021/06/24","2999/12/31","M711684","2021/06/24 11:28:37.000","","","",""
"8A61","6166","ｱﾙｶﾘｽｸﾗﾌﾞ","ｱﾙｶﾘｽｸﾗﾌﾞ","","",0,"","","2022/04/11","2999/12/31","M138854","2022/04/11 18:35:51.000","","","",""
"8A61","6167","ﾒﾀﾙｺﾝﾃﾞｨｼｮﾅｰ","ﾒﾀﾙｺﾝﾃﾞｨｼｮﾅｰ","","",0,"","","2022/04/11","2999/12/31","M138854","2022/04/11 18:36:24.000","","","",""
"8A61","6168","ﾃﾄﾗｴｯﾁﾝｸﾞ","ﾃﾄﾗｴｯﾁﾝｸﾞ","","",0,"","","2022/04/11","2999/12/31","M138854","2022/04/11 18:34:32.000","","","",""
"8A61","6621","ﾒﾀﾙﾎﾞﾝﾃﾞｨﾝｸﾞ準備","","","",0,"","","2025/04/01","2999/12/31","U359579","2025/03/31 15:20:37.000","","","",""
"8A61","6622","ｵｰﾄｸﾚｰﾌﾞ硬化","","","",0,"","","2025/04/01","2999/12/31","U359579","2025/03/31 15:34:14.000","","","",""
"8A61","6623","ｵｰﾌﾞﾝ硬化","","","",0,"","","2025/04/01","2999/12/31","U359579","2025/03/31 15:45:59.000","","","",""
"8A61","6624","常温硬化","","","",0,"","","2025/04/01","2999/12/31","U359579","2025/03/31 15:49:12.000","","","",""
"8A61","6625","ﾒﾀﾙﾎﾞﾝﾃﾞｨﾝｸﾞ仕上げ","","","",0,"","","2025/04/01","2999/12/31","U359579","2025/03/31 15:52:28.000","","","",""
"8A61","6900","受領","","","",0,"","修理O/H工事に限定","2020/04/01","2999/12/31","","","","","",""
"8A62","0009","自主検査","自主検査","","",0,"","","2020/04/01","2999/12/31","","","","","",""
"8A62","0680","ﾍﾞｰｸ","ﾍﾞｰｸ炉","","",0,"","","2020/04/01","2999/12/31","","","","","",""
"8A62","0681","塗装焼付作業","SM-3専用焼付炉","ｴｺﾑ","B19-0001 ◆",0,"","◆SM-3専用治具","2020/04/01","2999/12/31","","","","","",""
"8A62","0710","塗装作業","一液塗装作業","","",0,"","","2020/04/01","2999/12/31","","","","","",""
"8A62","0711","塗装作業","二液塗装作業","","",0,"","","2020/04/01","2999/12/31","","","","","",""
"8A62","0720","ｺｰﾃｨﾝｸﾞ作業","ｺｰﾃｨﾝｸﾞ作業","","",0,"","","2020/04/01","2999/12/31","","","","","",""
"8A62","0730","塗装作業","塗装作業(構造組立移管作業)","","",0,"","","2020/04/01","2999/12/31","","","","","",""
"8A62","0740","塗装前のﾏｽｷﾝｸﾞ","","","",0,"","","2020/04/01","2999/12/31","","","","","",""
"8A62","0741","ﾌﾞﾗｽﾄ作業","SM-3専用ｴｱﾌﾞﾗｽﾄ装置","新東工業","MY-60B ◆",0,"","◆SM-3専用治具","2020/04/01","2999/12/31","","","","","",""
"8A62","0810","脱脂作業","脱脂","","",0,"","","2020/04/01","2999/12/31","","","","","",""
"8A62","0820","ｱﾛｼﾞﾝ処理","ｱﾛｼﾞﾝ","","",0,"","","2020/04/01","2999/12/31","","","","","",""
"8A62","0835","ﾏｽｷﾝｸﾞ","化成処理前ﾏｽｷﾝｸﾞ","","",0,"","","2020/04/01","2999/12/31","","","","","",""
"8A62","0850","ｱﾙｶﾘ洗浄","ｱﾙｶﾘ洗浄","","",1,"","","2020/12/24","2999/12/31","M711684","2020/12/24 14:39:32.000","","","",""
"8A62","1610","仕上作業","手入、 洗浄等","","",0,"","","2020/04/01","2999/12/31","","","","","",""
"8A62","6010","ﾄﾞﾗｲﾌﾞﾗｽﾄ","ﾌﾞﾗｽﾄ装置","新東工業","MY-50E-003",0,"","","2021/04/01","2999/12/31","M138854","2021/03/31 17:31:43.000","","","",""
"8A62","6900","受領","","","",0,"","修理O/H工事に限定","2020/04/01","2999/12/31","","","","","",""
"8A71","0111","電子ﾋﾞｰﾑ溶接","電子ﾋﾞｰﾑ溶接","三菱電機","小型EBW◆",0,"","◆TJM6専用","2026/04/01","2999/12/31","M123829","2026/04/03 10:26:04.000","","","",""
"8A71","0120","溶融溶接","溶融溶接(TIG溶接)","","◆7工場",0,"","◆TJM6専用","2026/04/01","2999/12/31","M123829","2026/04/03 10:26:04.000","","","",""
"8A71","0220","溶融溶接切組","溶融溶接切組","","◆7工場",0,"","◆TJM6専用","2026/04/01","2999/12/31","M123829","2026/04/03 10:26:04.000","","","",""
"8A71","0666","炉中ﾛｰ付","炉中ﾛｰ付","中日本炉","NVF600◆",0,"","◆TJM6専用","2026/04/01","2999/12/31","M123829","2026/04/03 10:26:04.000","","","",""
"8A71","0670","焼入焼戻し","焼入焼戻し","中日本炉","NVF600◆",0,"","◆TJM6専用","2026/04/01","2999/12/31","M123829","2026/04/03 10:26:04.000","","","",""
"8A71","0681","応力除去","応力除去または焼ならし","中日本炉","NVF600◆",0,"","◆TJM6専用","2026/04/01","2999/12/31","M123829","2026/04/03 10:26:04.000","","","",""
"8A71","0682","焼鈍､焼準､溶体化","焼鈍､焼準､溶体化","中日本炉","NVF600◆",0,"","◆TJM6専用","2026/04/01","2999/12/31","M123829","2026/04/03 10:26:04.000","","","",""
"8A71","0690","析出硬化処理","析出硬化処理","中日本炉","NVF600◆",0,"","◆TJM6専用","2026/04/01","2999/12/31","M123829","2026/04/03 10:26:04.000","","","",""
"8A71","0691","溶体化､析出硬化処理","溶体化､析出硬化処理","中日本炉","NVF600◆",0,"","◆TJM6専用","2026/04/01","2999/12/31","M123829","2026/04/03 10:26:04.000","","","",""
"8A71","0801","焼き嵌め(ｻﾌﾞ組)","","","◆7工場",0,"","◆TJM6専用","2026/04/01","2999/12/31","M123829","2026/04/03 10:26:04.000","","","",""
"8A71","0802","焼き嵌め(切組)","","","◆7工場",0,"","◆TJM6専用","2026/04/01","2999/12/31","M123829","2026/04/03 10:26:04.000","","","",""
"8A71","0810","脱脂作業","溶剤脱脂洗浄","ｸﾘﾝﾋﾞｰ","HEARVY4060◆",0,"","◆TJM6専用","2026/04/01","2999/12/31","M123829","2026/04/03 10:26:04.000","","","",""
"8A71","1012","組立作業","","","◆7工場",0,"","◆TJM6専用","2026/04/01","2999/12/31","M123829","2026/04/03 10:26:04.000","","","",""
"8A71","1013","組立作業(1~5点)","","","◆7工場",0,"","◆TJM6専用","2026/04/01","2999/12/31","M123829","2026/04/03 10:26:04.000","","","",""
"8A71","1610","仕上作業(機械加工)","手入れ､洗浄等","","◆7工場",0,"","◆TJM6専用","2026/04/01","2999/12/31","M123829","2026/04/03 10:26:04.000","","","",""
"8A71","1611","仕上作業(溶接)","手入れ､洗浄等","","◆7工場",0,"","◆TJM6専用","2026/04/01","2999/12/31","M123829","2026/04/03 10:26:04.000","","","",""
"8A71","1612","仕上作業(溶射)","手入れ､洗浄等","","◆7工場",0,"","◆TJM6専用","2026/04/01","2999/12/31","M123829","2026/04/03 10:26:04.870","","","",""
"8A71","1613","仕上作業(ろう付け)","手入れ､洗浄等","","◆7工場",0,"","◆TJM6専用","2026/04/01","2999/12/31","M123829","2026/04/03 10:26:04.000","","","",""
"8A71","1614","脱磁作業","磁気確認及び脱磁作業","","◆7工場",0,"","◆TJM6専用","2026/04/01","2999/12/31","M123829","2026/04/03 10:26:04.000","","","",""
"8A71","1615","計測作業","3次元計測機","ZEISS","Prismo fortis◆",0,"","◆TJM6専用","2026/04/01","2999/12/31","M123829","2026/04/03 10:26:04.000","","","",""
"8A71","2123","NC旋削加工","NC旋削複合機","DMG森精機","NLX2500◆",0,"","◆TJM6専用","2026/04/01","2999/12/31","M123829","2026/04/03 10:26:04.000","","","",""
"8A71","2515","NC研削加工","NC横型複合研削盤","Studer","S33_1025◆",0,"","◆TJM6専用","2026/04/01","2999/12/31","M123829","2026/04/03 10:26:04.000","","","",""
"8A71","2591","NC研削加工","NC立型複合研削盤","太陽工機","CVG6◆",0,"","◆TJM6専用","2026/04/01","2999/12/31","M123829","2026/04/03 10:26:04.000","","","",""
"8A71","2685","NC放電加工","放電加工機","Sodick","AL60G+◆",0,"","◆TJM6専用","2026/04/01","2999/12/31","M123829","2026/04/03 10:26:04.000","","","",""
"8A71","2686","細穴放電加工","細穴放電加工機","牧野ﾌﾗｲｽ製作所","EDBV8",0,"","◆TJM6専用","2026/04/01","2999/12/31","M123829","2026/04/03 10:26:04.000","","","",""
"8A71","2832","ﾏｼﾆﾝｸﾞｾﾝﾀ加工","立型5軸複合機","DMG森精機","DMU60eVo+PHCell◆",0,"","◆TJM6専用","2026/04/01","2999/12/31","M123829","2026/04/03 10:26:04.000","","","",""
"8A71","2833","ﾏｼﾆﾝｸﾞｾﾝﾀ加工","立型5軸ﾏｼﾆﾝｸﾞｾﾝﾀ","DMG森精機","DMU60eVo◆",0,"","◆TJM6専用","2026/04/01","2999/12/31","M123829","2026/04/03 10:26:04.000","","","",""
"8A71","3120","ｴｱﾌﾛｰﾃｽﾄ","ｴｱﾌﾛｰ試験機","Flow systems","◆7工場",0,"","◆TJM6専用","2026/04/01","2999/12/31","M123829","2026/04/03 10:26:04.000","","","",""
"8A71","3130","ﾊﾞﾗﾝｽﾃｽﾄ","ﾊﾞﾗﾝｽﾃｽﾀｰ","ﾌｼﾞﾃｸﾉ","◆7工場",0,"","◆TJM6専用","2026/04/01","2999/12/31","M123829","2026/04/03 10:26:04.000","","","",""
"8A71","3140","ｽﾋﾟﾝﾃｽﾄ","ｽﾋﾟﾝﾃｽﾄ","丸和電機","◆7工場",0,"","◆TJM6専用","2026/04/01","2999/12/31","M123829","2026/04/03 10:26:04.000","","","",""
"8A71","6020","ｸﾞﾘｯﾄﾞﾌﾞﾗｽﾄ","ﾌﾞﾗｽﾄﾏｼﾝ","不二機械","◆7工場",0,"","◆TJM6専用","2026/04/01","2999/12/31","M123829","2026/04/03 10:26:04.000","","","",""
"8A71","6060","ﾌﾟﾗｽﾞﾏｺｰﾃｨﾝｸﾞ","溶射設備","ｴﾘｺﾝﾒﾃｺ","SURFACE One #1◆7工場",0,"","◆TJM6専用","2026/04/01","2999/12/31","M123829","2026/04/03 10:26:04.000","","","",""
"8A71","6061","ﾌﾚｰﾑｺｰﾃｨﾝｸﾞ","溶射設備","ｴﾘｺﾝﾒﾃｺ","SURFACE One #2◆7工場",0,"","◆TJM6専用","2026/04/01","2999/12/31","M123829","2026/04/03 10:26:04.000","","","",""
"8E11","0009","自主検査","","","",0,"","","2020/04/01","2999/12/31","","","","","",""
"8E11","0800","焼嵌め作業","焼嵌め､冷し嵌め","","",0,"","","2020/04/01","2999/12/31","","","","","",""
"8E11","0810","洗浄作業","超音波洗浄機","","",0,"","","2020/04/01","2999/12/31","","","","","",""
"8E11","0820","自動洗浄作業","自動洗浄機装置","","",0,"","","2020/04/01","2999/12/31","","","","","",""
"8E11","1010","組立作業","構成部品点数　6点以上","","",0,"","","2020/04/01","2999/12/31","","","","","",""
"8E11","1011","組立作業","構成部品点数1~5点","","",0,"","","2020/04/01","2999/12/31","","","","","",""
"8E11","1020","自動組立作業","自動組立装置","","",0,"","","2020/04/01","2999/12/31","","","","","",""
"8E11","1060","分解作業","一般分解作業","","",0,"","","2020/04/01","2999/12/31","","","","","",""
"8E11","1070","修理作業","一般修理作業","","",0,"","","2020/04/01","2999/12/31","","","","","",""
"8E11","1080","個装作業","個装及び梱包作業","","",0,"","","2020/04/01","2999/12/31","","","","","",""
"8E11","1090","発送作業","発送作業","","",0,"","","2020/04/01","2999/12/31","","","","","",""
"8E11","1610","仕上作業","手入れ､洗浄等 含ﾊﾝﾀﾞ付け､鋳込","","",0,"","","2020/04/01","2999/12/31","","","","","",""
"8E11","1660","圧力試験","水圧､空圧","","",0,"","","2020/04/01","2999/12/31","","","","","",""
"8E11","1670","摺合せ作業","摺合せ","","",0,"","","2020/04/01","2999/12/31","","","","","",""
"8E11","3070","圧力試験","ｶﾞｽ圧","","",0,"","","2020/04/01","2999/12/31","","","","","",""
"8E11","3120","機能試験","機能試験機","","",0,"","","2020/04/01","2999/12/31","","","","","",""
"8E11","3130","自動機能試験","自動機能試験装置","","",0,"","","2020/04/01","2999/12/31","","","","","",""
"8E11","6011","ｷｯﾄ部品準備作業","ｷｯﾄ部品準備作業","","",0,"","","2020/04/01","2999/12/31","","","","","",""
"8E11","6900","受領","","","",0,"","修理O/H工事に限定","2020/04/01","2999/12/31","","","","","",""
"8E11","9999","品確者確認","","","",0,"","","2020/04/01","2999/12/31","","","","","",""
"8E12","0009","自主検査","","","",0,"","","2020/04/01","2999/12/31","","","","","",""
"8E12","0222","電線保護作業","電線保護作業 (電装)","","",0,"","","2020/04/01","2999/12/31","","","","","",""
"8E12","0231","ﾊﾟﾈﾙ組立作業","ﾊﾟﾈﾙ組立(取付)作業 (電装)","","",0,"","","2020/04/01","2999/12/31","","","","","",""
"8E12","0261","導通試験作業","導通試験作業 (電装)","","",0,"","","2020/04/01","2999/12/31","","","","","",""
"8E12","0262","絶縁抵抗試験作業","絶縁抵抗試験作業 (電装)","","",0,"","","2020/04/01","2999/12/31","","","","","",""
"8E12","0311","ﾓｯｸｱｯﾌﾟ作業","ﾓｯｸｱｯﾌﾟ作業 (電装)","","",0,"","","2020/04/01","2999/12/31","","","","","",""
"8E12","0312","ﾎｯﾄﾁｪｯｸ作業","ﾎｯﾄﾁｪｯｸ作業 (電装)","","",0,"","","2020/04/01","2999/12/31","","","","","",""
"8E12","0321","機能試験作業","機能試験作業 (電装)","","",0,"","","2020/04/01","2999/12/31","","","","","",""
"8E12","0800","焼嵌め作業","焼嵌め､冷し嵌め","","",0,"","","2020/04/01","2999/12/31","","","","","",""
"8E12","0810","洗浄作業","超音波洗浄機、脱脂作業","","",0,"","","2020/04/01","2999/12/31","","","","","",""
"8E12","0820","自動洗浄作業","自動洗浄機装置","","",0,"","","2020/04/01","2999/12/31","","","","","",""
"8E12","1010","組立作業","構成部品点数 6点以上","","",0,"","","2020/04/01","2999/12/31","","","","","",""
"8E12","1011","組立作業","構成部品点数1~5点","","",0,"","","2020/04/01","2999/12/31","","","","","",""
"8E12","1020","自動組立作業","自動組立装置","","",0,"","","2020/04/01","2999/12/31","","","","","",""
"8E12","1060","分解作業","一般分解作業","","",0,"","","2020/04/01","2999/12/31","","","","","",""
"8E12","1070","修理作業","一般修理作業","","",0,"","","2020/04/01","2999/12/31","","","","","",""
"8E12","1080","個装作業","個装及び梱包作業","","",0,"","","2020/04/01","2999/12/31","","","","","",""
"8E12","1090","発送作業","発送作業","","",0,"","","2020/04/01","2999/12/31","","","","","",""
"8E12","1610","仕上作業","手入れ､洗浄等 含ﾊﾝﾀﾞ付け､鋳込","","",0,"","","2020/04/01","2999/12/31","","","","","",""
"8E12","1660","圧力試験","水圧､空圧","","",0,"","","2020/04/01","2999/12/31","","","","","",""
"8E12","1670","摺合せ作業","摺合せ","","",0,"","","2020/04/01","2999/12/31","","","","","",""
"8E12","3070","圧力試験","ｶﾞｽ圧","","",0,"","","2020/04/01","2999/12/31","","","","","",""
"8E12","3120","機能試験","機能試験機","","",0,"","","2020/04/01","2999/12/31","","","","","",""
"8E12","3130","自動機能試験","自動機能試験装置","","",0,"","","2020/04/01","2999/12/31","","","","","",""
"8E12","6011","ｷｯﾄ部品準備作業","ｷｯﾄ部品準備作業","","",0,"","","2020/04/01","2999/12/31","","","","","",""
"8E12","6111","位置決め作業","位置決め作業 (構･艤)","","",0,"","","2020/04/01","2999/12/31","","","","","",""
"8E12","6121","取外し作業","取外し作業 (構･艤)","","",0,"","","2020/04/01","2999/12/31","","","","","",""
"8E12","6141","ﾄﾘﾑ作業","ﾄﾘﾑ作業 (構･艤)","","",0,"","","2020/04/01","2999/12/31","","","","","",""
"8E12","6221","穴明け作業","穴明け作業 (構･艤)","","",0,"","","2020/04/01","2999/12/31","","","","","",""
"8E12","6231","皿取り作業","皿取り作業 (構･艤)","","",0,"","","2020/04/01","2999/12/31","","","","","",""
"8E12","6321","ﾘﾍﾞｯﾄ打ち作業","ﾘﾍﾞｯﾄ打ち作業 (構･艤)","","",0,"","","2020/04/01","2999/12/31","","","","","",""
"8E12","6331","ﾘﾍﾞｯﾄﾐﾗｰ作業","ﾘﾍﾞｯﾄﾐﾗｰ作業 (構･艤)","","",0,"","","2020/04/01","2999/12/31","","","","","",""
"8E12","6341","締付け作業","締付け作業 (構･艤)","","",0,"","","2020/04/01","2999/12/31","","","","","",""
"8E12","6342","ﾄﾙｸ掛け作業","ﾄﾙｸ掛け作業 (構･艤)","","",0,"","","2020/04/01","2999/12/31","","","","","",""
"8E12","6511","取付け作業","取付け作業機構品 (構･艤)","","",0,"","","2020/04/01","2999/12/31","","","","","",""
"8E12","6521","取付け作業","取付け作業ﾁｭｰﾌﾞ (構･艤)","","",0,"","","2020/04/01","2999/12/31","","","","","",""
"8E12","6551","取付け作業","取付け作業 (構･艤)","","",0,"","","2020/04/01","2999/12/31","","","","","",""
"8E12","6621","接着作業","接着作業 (構･艤)","","",0,"","","2020/04/01","2999/12/31","","","","","",""
"8E12","6641","ﾀｯﾁｱｯﾌﾟ作業","ﾀｯﾁｱｯﾌﾟ作業 (構･艤)","","",0,"","","2020/04/01","2999/12/31","","","","","",""
"8E12","6661","ﾅﾝﾊﾞｰ作業","ﾅﾝﾊﾞｰ作業 (構･艤)","","",0,"","","2020/04/01","2999/12/31","","","","","",""
"8E12","6711","調整作業","調整･確認 (構･艤)","","",0,"","","2020/04/01","2999/12/31","","","","","",""
"8E12","8511","ﾏｰｷﾝｸﾞ作業","SER/Noﾏｰｷﾝｸﾞ (電子)","","",0,"","","2020/04/01","2999/12/31","","","","","",""
"8E12","8521","ﾏｰｷﾝｸﾞ作業","ｺｰﾄﾞNoﾏｰｷﾝｸﾞ (電子)","","",0,"","","2020/04/01","2999/12/31","","","","","",""
"8E12","8821","機能試験作業","機能試験作業 (電子)","","",0,"","","2020/04/01","2999/12/31","","","","","",""
"8E12","8841","ﾊﾞｰﾝｲﾝﾃｽﾄ","ﾊﾞｰﾝｲﾝﾃｽﾄ (電子)","","",0,"","","2020/04/01","2999/12/31","","","","","",""
"8E12","8851","ﾘｰﾏﾙﾃｽﾄ","ﾘｰﾏﾙﾃｽﾄ (電子)","","",0,"","","2020/04/01","2999/12/31","","","","","",""
"8E12","8881","振動試験作業","振動試験作業 (電子)","","",0,"","","2020/04/01","2999/12/31","","","","","",""
"8E12","8932","ﾀｯﾁｱｯﾌﾟ作業","ﾀｯﾁｱｯﾌﾟ作業不具合修理 (電子)","","",0,"","","2020/04/01","2999/12/31","","","","","",""
"8E12","8961","清掃作業","電子機器組立品清掃 (電子)","","",0,"","","2020/04/01","2999/12/31","","","","","",""
"8E12","9999","品確者確認","品確者確認","","",0,"","","2020/04/01","2999/12/31","","","","","",""
"8E21","0009","自主検査","自主検査","","",0,"","","2020/04/01","2999/12/31","","","","","",""
"8E21","0220","溶接切組","ﾅﾝﾊﾞｰﾘﾍﾞｯﾄ打ち・ ﾄﾘﾑ・摺合せ・歪取り等","","",0,"","","2020/04/01","2999/12/31","","","","","",""
"8E21","0650","超塑性加工","超塑性加工","","",0,"","","2021/10/19","2999/12/31","M138854","2021/10/19 18:07:04.000","","","",""
"8E21","0666","炉中ﾛｰ付","炉中ﾛｰ付","","",0,"","","2020/04/01","2999/12/31","","","","","",""
"8E21","0670","焼入焼戻し","焼入焼戻し","","",0,"","","2020/04/01","2999/12/31","","","","","",""
"8E21","0671","焼入焼戻し､低温処理","焼入焼戻し､低温処理","","",0,"","","2020/04/01","2999/12/31","","","","","",""
"8E21","0680","応力除去","応力除去または焼ならし","","",0,"","","2020/04/01","2999/12/31","","","","","",""
"8E21","0681","焼鈍、焼準、溶体化","焼鈍、焼準、溶体化","","",0,"","","2020/04/01","2999/12/31","","","","","",""
"8E21","0682","焼準戻し","焼準戻し","","",0,"","","2020/04/01","2999/12/31","","","","","",""
"8E21","0683","応力除去(23HR)","応力除去(23HR)","","",0,"","","2020/04/01","2999/12/31","","","","","",""
"8E21","0690","析出硬化処理","析出硬化処理","","",0,"","","2020/04/01","2999/12/31","","","","","",""
"8E21","0691","溶体化、析出硬化処理","溶体化、析出硬化処理","","",0,"","","2020/04/01","2999/12/31","","","","","",""
"8E21","0760","低温処理､焼戻し","低温処理､焼戻し","","",0,"","","2020/04/01","2999/12/31","","","","","",""
"8E21","0761","焼戻し","焼戻しのみ","","",0,"","","2020/04/01","2999/12/31","","","","","",""
"8E21","0782","窒化防止剤塗布","窒化防止剤塗布","","",0,"","","2020/04/01","2999/12/31","","","","","",""
"8E21","0790","窒化","窒化","","",0,"","","2020/04/01","2999/12/31","","","","","",""
"8E21","0792","ﾊﾟｯｸｺｰﾃｨﾝｸﾞ","ﾊﾟｯｸｺｰﾃｨﾝｸﾞ","","",0,"","","2020/04/01","2999/12/31","","","","","",""
"8E21","0793","拡散処理","拡散処理","","",0,"","","2020/04/01","2999/12/31","","","","","",""
"8E21","0810","溶剤洗浄","超音波洗浄､手拭き洗浄","","",0,"","","2020/04/01","2999/12/31","","","","","",""
"8E21","0850","ｱﾙｶﾘ洗浄","ｱﾙｶﾘ洗浄","","",0,"","","2020/04/01","2999/12/31","","","","","",""
"8E21","1610","仕上作業","手入れ含ﾊﾝﾀﾞ付、ﾊﾞﾘ仕上、鋳込、洗浄等","","",0,"","","2020/04/01","2999/12/31","","","","","",""
"8E21","1615","三次元測定作業","三次元測定作業","","",0,"","","2022/12/21","2999/12/31","M138854","2022/12/20 17:13:26.000","","","",""
"8E21","1617","炉中ﾛｰ付け前組付け","炉中ﾛｰ付け前組付け","","",0,"","","2020/04/01","2999/12/31","","","","","",""
"8E21","1618","炉中ﾛｰ付け後手仕上","炉中ﾛｰ付け後手仕上","","",0,"","","2020/04/01","2999/12/31","","","","","",""
"8E21","1619","鋳込作業","錫鋳込、ﾊﾟﾗﾌｨﾝ鋳込み","","",0,"","","2020/04/01","2999/12/31","","","","","",""
"8E21","1660","圧力試験","水圧､空圧","","",0,"","","2020/04/01","2999/12/31","","","","","",""
"8E21","4620","ﾌﾚｱ","ﾋﾞｯﾄﾌﾟﾘｾｯﾄを含む","","",0,"","","2020/04/01","2999/12/31","","","","","",""
"8E21","6900","受領","","","",0,"","修理O/H工事に限定","2020/04/01","2999/12/31","","","","","",""
"8E22","0009","自主検査","自主検査","","",0,"","","2020/04/01","2999/12/31","","","","","",""
"8E22","0110","電子ﾋﾞｰﾑ溶接","電子ﾋﾞｰﾑ溶接","","小型EBW",0,"","","2020/04/01","2999/12/31","","","","","",""
"8E22","0116","電子ﾋﾞｰﾑ溶接","電子ﾋﾞｰﾑ溶接","","大型EBW#1",0,"","","2020/04/01","2999/12/31","","","","","",""
"8E22","0117","電子ﾋﾞｰﾑ溶接","電子ﾋﾞｰﾑ溶接","","大型EBW#2",0,"","","2020/04/01","2999/12/31","","","","","",""
"8E22","0120","溶融溶接","溶融溶接(含ｱｰｸ溶接、溶断、ﾛｰ付)","","",0,"","","2020/04/01","2999/12/31","","","","","",""
"8E22","0220","溶融溶接切組","溶融溶接切組","","",0,"","","2020/04/01","2999/12/31","","","","","",""
"8E22","0310","金属3D造形(L-PBF)","金属3D造形装置(L-PBF)","EOS","M290",0,"","","2020/04/01","2999/12/31","","","","","",""
"8E22","0311","金属3D造形(L-PBF)","金属3D造形装置(L-PBF)","EOS","M400-4",0,"","","2020/04/01","2999/12/31","","","","","",""
"8E22","0312","金属3D造形(L-PBF)","大型3D造形装置 M400-4","EOS","M400-4",0,"","","2024/05/30","2999/12/31","M125329","2024/05/29 10:46:11.000","","","",""
"8E22","0315","金属3D造形(LMD)","金属3D造形装置(LMD)","RPMI","Model535XR",0,"","","2020/04/01","2999/12/31","","","","","",""
"8E22","0810","脱脂作業","脱脂ﾎｽﾁｰﾑ処理","","",0,"","","2020/04/01","2999/12/31","","","","","",""
"8E22","0811","有機溶剤洗浄作業","超音波洗浄機","","",0,"","","2020/04/01","2999/12/31","","","","","",""
"8E22","0851","ﾌﾞﾗｽﾄ処理","ﾌﾞﾗｽﾄ装置","新東工業","MY-40E",0,"","","2020/04/01","2999/12/31","","","","","",""
"8E22","0854","ｻﾞｲｸﾞﾛ前ｴｯﾁﾝｸﾞ","ｻﾞｲｸﾞﾛ前ｴｯﾁﾝｸﾞ","","",0,"","","2020/04/01","2999/12/31","","","","","",""
"8E22","1610","仕上作業","手入れ含ﾊﾝﾀﾞ付、ﾊﾞﾘ仕上、鋳込、洗浄等","","",0,"","","2020/04/01","2999/12/31","","","","","",""
"8E22","1615","三次元測定作業","三次元測定作業","","",0,"","","2022/12/21","2999/12/31","M138854","2022/12/20 17:14:11.000","","","",""
"8E22","1680","ﾜｲﾔｰｶｯﾄ","ﾜｲﾔｰｶｯﾄ装置","ﾀｲﾅﾃｯｸ","DKV-7740",0,"","","2020/04/01","2999/12/31","","","","","",""
"8E22","4232","ﾛｰﾗｰ成形","ｱﾝｸﾞﾙﾍﾞﾝﾀﾞ","千代田工業","V-50",0,"","","2020/04/01","2999/12/31","","","","","",""
"8E22","4252","ﾌﾟﾚｽ成形","5000kN油圧成形","","",0,"","","2020/04/01","2999/12/31","","","","","",""
"8E22","4253","ﾌﾟﾚｽ成形","15000KN対向液圧成形","","",0,"","","2020/04/01","2999/12/31","","","","","",""
"8E22","4612","NCﾍﾞﾝﾀﾞｰ加工","NCﾊﾟｲﾌﾟﾍﾞﾝﾀﾞｰ機","","",0,"","","2020/06/11","2999/12/31","","","","","",""
"8E22","6900","受領","","","",0,"","修理O/H工事に限定","2020/04/01","2999/12/31","","","","","",""
"8E22","7322","自動溶接","自動溶接","","",0,"","","2020/04/01","2999/12/31","","","","","",""
"8E22","7323","半自動溶接","半自動溶接","","",0,"","","2020/04/01","2999/12/31","","","","","",""
"8E22","7325","ｵｰﾋﾞﾀﾙ自動溶接","ｵｰﾋﾞﾀﾙ自動溶接","","",0,"","","2022/03/22","2999/12/31","M711684","2022/03/22 12:50:40.000","","","",""
"8E22","9999","品確者確認","","","",0,"","","2024/09/17","2999/12/31","M125329","2024/09/12 14:17:11.000","","","",""
"8E23","0009","自主検査","","","",0,"","","2020/04/01","2999/12/31","","","","","",""
"8E23","0810","脱脂作業","","","",0,"","","2021/04/01","2999/12/31","M138854","2021/03/30 19:01:00.000","","","",""
"8E23","0960","銅電鋳作業","銅電鋳(LE5、LE7A)","","",0,"","","2021/04/01","2999/12/31","M138854","2021/03/30 19:01:46.000","","","",""
"8E23","0961","銅電鋳作業","銅電鋳(LE9)","","",0,"","","2021/04/01","2999/12/31","M138854","2021/03/30 19:02:28.000","","","",""
"8E23","1102","汎用旋削加工","小型汎用旋盤","滝澤鉄工所","TSL550",0,"","","2020/04/01","2999/12/31","","","","","",""
"8E23","1605","ﾌﾟﾘｾｯﾄ作業","ﾏｼﾆﾝｸﾞｾﾝﾀ","","",0,"","","2020/04/01","2999/12/31","","","","","",""
"8E23","1610","仕上作業,ﾏｰｷﾝｸﾞ作業","手入れ,洗浄等,手入れ、洗浄等","","",0,"","","2020/04/01","2999/12/31","","","","","",""
"8E23","1612","銅電鋳前後作業","WAX充填、WAX仕上、銀粉塗布等","","",0,"","","2021/04/01","2999/12/31","M138854","2021/03/30 19:03:19.000","","","",""
"8E23","1615","三次元測定作業","三次元測定作業","","",0,"","","2022/12/21","2999/12/31","M138854","2022/12/20 17:14:44.000","","","",""
"8E23","2114","NC旋削加工","小型NC旋盤","中村留精密工業","SC-150Ⅱ",0,"","","2020/04/01","2999/12/31","","","","","",""
"8E23","2117","NC旋削加工","小型NC旋盤","中村留精密工業","SC-200M[#1]",0,"","","2020/04/01","2999/12/31","","","","","",""
"8E23","2131","NC旋削加工","NC立旋盤","東芝","TM2-16N",0,"","","2020/04/01","2999/12/31","","","","","",""
"8E23","2139","NC旋削加工","NC立旋盤","OM製作所","VTLex2000M",0,"","","2020/04/01","2999/12/31","","","","","",""
"8E23","2140","NC旋削加工","NC立旋盤","OM製作所","VTLex2000",0,"","","2020/04/01","2999/12/31","","","","","",""
"8E23","2142","NC旋削加工","NC立旋盤","OM製作所","VTLex1600M",0,"","","2020/09/09","2999/12/31","","","","","",""
"8E23","2143","NC旋削加工","NC立旋盤","OM製作所","VTLex2000M＃2",0,"","","2020/09/09","2999/12/31","","","","","",""
"8E23","2314","NCﾀｰﾆﾝｸﾞｾﾝﾀｰ加工","ﾀｰﾆﾝｸﾞｾﾝﾀｰ","大隈,大隈","Macturn50 #1,Macturn50 #2",0,"","","2020/04/01","2999/12/31","","","","","",""
"8E23","2315","NCﾀｰﾆﾝｸﾞｾﾝﾀｰ加工","ﾀｰﾆﾝｸﾞｾﾝﾀｰ","大隈,大隈","Macturn50 #3,Macturn50 #4",0,"","","2020/04/01","2999/12/31","","","","","",""
"8E23","2319","NCﾀｰﾆﾝｸﾞｾﾝﾀｰ加工","ﾀｰﾆﾝｸﾞｾﾝﾀｰ","大隈","MULTUS B750",0,"","","2023/06/13","2999/12/31","M138854","2023/06/13 10:41:35.000","","","",""
"8E23","2446","ﾏｼﾆﾝｸﾞｾﾝﾀｰ加工","門型3軸ﾏｼﾆﾝｸﾞｾﾝﾀ","大隈","MCR-BⅢ 25×40E",0,"","","2020/04/01","2999/12/31","","","","","",""
"8E23","2823","ﾏｼﾆﾝｸﾞｾﾝﾀｰ加工","横型4軸ﾏｼﾆﾝｸﾞｾﾝﾀ","安田","YBM-15T-125RP",0,"","","2020/04/01","2999/12/31","","","","","",""
"8E23","2829","ﾏｼﾆﾝｸﾞｾﾝﾀｰ加工","横型5軸ﾏｼﾆﾝｸﾞｾﾝﾀ","安田","YBM-10T-100TT",0,"","","2020/04/01","2999/12/31","","","","","",""
"8E23","6900","受領","","","",0,"","修理O/H工事に限定","2020/04/01","2999/12/31","","","","","",""
"F301","0110","電装加工作業","電装加工作業全般(ﾏｰｷﾝｸﾞ､切断､ﾁｭｰﾌﾞﾏｰｷﾝｸﾞ､ﾁｭｰﾌﾞ取付等を一纏めで指示したい時に使用)","","",0,"","","2021/06/17","2999/12/31","M138854","2021/06/17 18:39:13.000","","","",""
"F301","0111","切断","電線測長･切断作業","","",0,"","","2021/06/17","2999/12/31","M138854","2021/06/17 18:39:13.000","","","",""
"F301","0112","ﾏｰｷﾝｸﾞ","線番識別ｽﾘｰﾌﾞのﾏｰｷﾝｸﾞ作業","","",0,"","","2021/06/17","2999/12/31","M138854","2021/06/17 18:39:13.000","","","",""
"F301","0113","ｽﾘｰﾌﾞ取り付け","熱収縮ｽﾘｰﾌﾞ､ｴﾝﾄﾞｷｬｯﾌﾟの電線取付け収縮作業","","",0,"","","2021/06/17","2999/12/31","M138854","2021/06/17 18:39:13.000","","","",""
"F301","0114","ﾚｰｻﾞｰ･ﾏｰｷﾝｸﾞ","ﾚｰｻﾞｰ･ﾏｰｷﾝｸﾞ作業","","",0,"","","2021/06/17","2999/12/31","M138854","2021/06/17 18:39:13.000","","","",""
"F301","0115","ｷｯﾄ部品準備","組立作業用ｷｯﾄ部品準備作業","","",0,"","","2021/06/17","2999/12/31","M138854","2021/06/17 18:39:13.000","","","",""
"F301","0121","被覆剥ぎ","END1もしくは引流し端末の電線被覆剥ぎ作業","","",0,"","","2021/06/17","2999/12/31","M138854","2021/06/17 18:39:13.000","","","",""
"F301","0123","ｼｰﾙﾄﾞ処理","END1のｼｰﾙﾄﾞ線端末処理作業","","",0,"","","2021/06/17","2999/12/31","M138854","2021/06/17 18:39:13.000","","","",""
"F301","0124","ﾀｰﾐﾅﾙｶｼﾒ","ﾀｰﾐﾅﾙｶｼﾒ作業","","",0,"","","2021/06/17","2999/12/31","M138854","2021/06/17 18:39:13.000","","","",""
"F301","0125","仕分け","加工した電線のﾊｰﾈｽ単位仕分け作業","","",0,"","","2021/06/17","2999/12/31","M138854","2021/06/17 18:39:13.000","","","",""
"F301","0126","自動切断","自動機械による電線測長･切断作業","","",0,"","","2021/06/17","2999/12/31","M138854","2021/06/17 18:39:13.000","","","",""
"F301","0211","ｺﾈｸﾀ組立","ｺﾝﾀｸﾄｶｼﾒによるｺﾈｸﾀ組立作業END1作業でEND2作業は含まない(ｺﾈｸﾀ分解･組立､ｼｰﾘﾝｸﾞﾌﾟﾗｸﾞ挿入､ｺﾝﾀｸﾄｶｼﾒ､ ｺﾝﾀｸﾄ挿入､ﾊﾞｯｸｼｪﾙ組立)","","",0,"","","2021/06/17","2999/12/31","M138854","2021/06/17 18:39:13.000","","","",""
"F301","0214","EMI処理","EMI処理(ﾃｰﾌﾟ巻き､はんだ付け､EMIﾊﾞｯｸｼｪﾙ組立作業)","","",0,"","","2021/06/17","2999/12/31","M138854","2021/06/17 18:39:13.000","","","",""
"F301","0220","経路仕分け","ﾌｫｰﾑﾎﾞｰﾄﾞもしくは机上の経路仕分け作業","","",0,"","","2021/06/17","2999/12/31","M138854","2021/06/17 18:39:13.000","","","",""
"F301","0221","経路仕分け/END2作業","ﾌｫｰﾑﾎﾞｰﾄﾞ上の経路仕分け作業及びEND2処理の複合作業(経路仕分け､切断､被覆剥ぎ､ﾀｰﾐﾅﾙｶｼﾒ､ はんだ付け､ｺﾈｸﾀ組立､ｿﾙﾀﾞｰｽﾘｰﾌﾞ､ ﾀｰﾏ&ﾋｰﾄｽﾘｰﾌﾞ)","","",0,"","","2021/06/17","2999/12/31","M138854","2021/06/17 18:39:13.000","","","",""
"F301","0222","電線保護","電線保護作業(ﾁｭｰﾌﾞ､ｽﾘｰﾌﾞ､ﾌﾞｰﾂ､ﾃｰﾌﾟ等による)","","",0,"","","2021/06/17","2999/12/31","M138854","2021/06/17 18:39:13.000","","","",""
"F301","0233","ﾃﾞｶﾙ･ﾏｰｶｰ製作","ｱｲﾃﾑ番号識別ｽﾘｰﾌﾞ､ﾏｰｶｰ､ﾃﾞｶﾙ等の製作作業","","",0,"","","2021/06/17","2999/12/31","M138854","2021/06/17 18:39:13.000","","","",""
"F301","0234","ﾃﾞｶﾙ貼付","ﾊﾟﾈﾙ､機体構造へのﾃﾞｶﾙの貼付け作業","","",0,"","","2021/06/17","2999/12/31","M138854","2021/06/17 18:39:13.000","","","",""
"F301","0242","ﾌﾞﾚｰﾃﾞｨﾝｸﾞ(ﾒﾀﾙ/ﾅｲﾛﾝｺｰﾃｨﾝｸﾞ)","ﾒﾀﾙﾌﾞﾚｰﾃﾞｨﾝｸﾞ作業(ﾒﾀﾙ),ｺｰﾃｨﾝｸﾞ糸(高低温共用)ﾌﾞﾚｰﾃﾞｨﾝｸﾞ作業 (ﾅｲﾛﾝｺｰﾃｨﾝｸﾞ)","","",0,"","","2021/06/17","2999/12/31","M138854","2021/06/17 18:39:13.000","","","",""
"F301","0261","導通試験(手)","ﾌﾞｻﾞｰ､ﾃｽﾀｰなどによる導通確認作業","","",0,"","","2021/06/17","2999/12/31","M138854","2021/06/17 18:39:13.000","","","",""
"F301","0262","絶縁試験(手)","絶縁抵抗計による絶縁確認作業","","",0,"","","2021/06/17","2999/12/31","M138854","2021/06/17 18:39:13.000","","","",""
"F301","0267","ﾅﾝﾊﾞｰ(ﾀｸﾞ/含製造者記号2296)","部品番号の識別､識別ﾀｸﾞの製作取付及び押捺作業","","",0,"","","2021/06/17","2999/12/31","M138854","2021/06/17 18:39:13.000","","","",""
"F301","0270","ｻｯｸ･ｱﾝﾄﾞ･ﾀｲ","ｻｯｸｱﾝﾄﾞﾀｲ作業","","",0,"","","2021/06/17","2999/12/31","M138854","2021/06/17 18:39:13.000","","","",""
"F301","9999","品確者確認","品確者確認","","",0,"","","2021/06/18","2999/12/31","M711684","2021/06/18 11:15:46.000","","","",""
